customer_id,annual_income,credit_limit,distress_start,defaulted
CUST_8B243157,279016.78,65687.24,,0
CUST_559401A6,942552.83,286659.48,,0
CUST_B9EECA8C,940501.99,379898.88,,0
CUST_9A3515AF,1676814.93,554361.73,4.0,1
CUST_04832EF9,1436668.39,309739.36,6.0,1
CUST_26E8C1D7,1500572.16,472379.15,,0
CUST_1E4CD0C6,1006406.7,251840.4,5.0,1
CUST_F28F6CAE,563660.66,210561.41,10.0,1
CUST_D45BE0A8,1737269.68,668739.19,9.0,1
CUST_75D6CC46,919137.42,371977.92,,0
CUST_8BD04144,335589.25,93640.62,,0
CUST_492DDE9B,818585.29,257197.36,,0
CUST_682186B5,687625.97,245780.51,,0
CUST_8A7E3837,903351.69,246078.68,,0
CUST_0FAB0518,1481470.49,592770.74,,0
CUST_A5F9205D,1544935.94,574426.07,,0
CUST_ABE432AD,1296143.87,442853.65,,0
CUST_F3C9B3DD,386824.67,122144.18,9.0,1
CUST_39ECB110,1304611.02,420157.89,,0
CUST_2F49B3B1,1744246.57,369867.81,,0
CUST_3CA0E291,755922.55,250859.15,,0
CUST_66A01D4F,1039172.9,224187.1,,0
CUST_F0F7A857,1112511.54,347304.25,,0
CUST_79121995,1179849.79,428201.68,,0
CUST_1B19C751,1243716.32,290082.86,,0
CUST_D37F781F,692136.3,155199.46,,0
CUST_1726995E,1331278.77,509075.84,,0
CUST_1BD67E08,1374398.92,525316.65,,0
CUST_DD4D5C33,404101.6,166812.46,,0
CUST_235D5993,249442.67,92601.0,,0
CUST_F59613A5,1529664.04,299674.86,,0
CUST_99EB10D4,1249559.5,516979.42,,0
CUST_2A909984,1641442.99,457615.98,4.0,1
CUST_CF1695FB,532697.68,174850.53,,0
CUST_DCCF24C1,1036341.08,368837.61,,0
CUST_19518B20,682462.22,160286.77,,0
CUST_308D89FF,1114847.22,274201.08,9.0,1
CUST_222E9803,549359.13,202073.45,,0
CUST_A8FBD66D,1446394.7,344087.74,,0
CUST_A430AD59,1384355.2,281603.88,,0
CUST_5A031469,1735285.53,558901.5,,0
CUST_5778A527,1560346.53,434125.0,,0
CUST_81D586A0,1782917.01,496568.34,,0
CUST_F6D069F2,1402234.68,474402.19,,0
CUST_83157A81,1472127.73,330857.56,,0
CUST_C897D471,574431.84,157148.35,,0
CUST_DB8B7DC7,1178681.29,230924.95,,0
CUST_A91EC2D0,1229187.87,293938.03,,0
CUST_8400423F,1400959.19,474432.33,,0
CUST_4115DDC8,963464.58,228852.91,,0
CUST_E3834462,818248.92,232492.33,10.0,1
CUST_6A974B1A,273773.18,96782.71,10.0,1
CUST_2FAD3612,619734.56,224431.0,,0
CUST_0A2AB944,924091.35,324602.25,,0
CUST_7F09C3EE,909375.66,371775.47,9.0,1
CUST_8B3BFD87,1117800.79,232750.25,,0
CUST_A330F232,1145090.28,360041.11,,0
CUST_2DF6D8D9,1133445.49,331207.62,,0
CUST_B29DF8B3,1611218.64,269835.18,,0
CUST_41A0F444,386263.95,110880.32,,0
CUST_4F33CA7C,780298.38,306158.35,,0
CUST_9DC2EDC3,1735427.88,356176.07,,0
CUST_0E1C52AF,338739.57,75819.1,,0
CUST_C09774CE,259813.03,64813.13,,0
CUST_A0E0CDDF,317559.49,109310.63,,0
CUST_2B746713,1191640.3,375236.3,7.0,1
CUST_1F4384D7,1226819.53,232963.24,4.0,1
CUST_FE3C59AF,810320.33,135605.88,,0
CUST_5968C4E8,1254956.1,326259.17,,0
CUST_DCC48CA5,1795803.59,608080.91,,0
CUST_7DDA04B4,1363096.25,366693.23,9.0,1
CUST_B086EEAD,1491596.61,331609.01,,0
CUST_D5824BF6,1659495.93,347465.91,3.0,1
CUST_B0E1488B,1193236.46,344744.02,,0
CUST_773221FF,929039.29,304342.83,,0
CUST_5987E5E5,292350.56,48932.03,,0
CUST_92830712,1205232.09,367488.55,,0
CUST_6AF23710,1094386.05,451888.17,,0
CUST_FC9B38C2,1377563.31,269356.74,,0
CUST_3B3A2D7A,385582.86,121912.11,,0
CUST_4370B73D,969670.7,331304.17,,0
CUST_F1D72205,1023548.12,262806.86,,0
CUST_3AB67D9E,1445151.21,465952.06,,0
CUST_61FE6EBC,1515450.26,280959.01,,0
CUST_905B99C9,1039251.85,281572.21,5.0,1
CUST_101BC978,1775265.56,554357.68,,0
CUST_0319E2B6,1654166.29,683170.73,,0
CUST_67A10A70,825498.54,204559.61,,0
CUST_F603661A,1067298.76,265927.54,,0
CUST_DA00DF3E,1376879.9,311532.44,,0
CUST_140DD771,1540058.14,298293.12,,0
CUST_DEA540F4,539633.56,111054.58,,0
CUST_D4EFD64F,487019.68,111814.87,,0
CUST_5BB8C7E5,973698.24,338110.68,,0
CUST_BB0D3D65,1058570.73,317365.78,,0
CUST_A1334A47,332791.57,74227.13,,0
CUST_5314B4A8,1371132.98,276947.63,,0
CUST_63AD5722,1204466.04,289898.19,,0
CUST_7CA47A13,437093.94,98543.1,8.0,1
CUST_622167C1,1757753.27,519343.41,,0
CUST_D3C33D3B,1023496.41,361447.03,4.0,1
CUST_D2987963,1740231.61,708904.01,,0
CUST_EB6B1797,1415843.57,315385.4,6.0,1
CUST_F29F10B1,430950.44,108692.14,,0
CUST_8B1A7943,1277055.83,397138.2,,0
CUST_70EA595F,926975.6,335278.8,,0
CUST_2A520456,472321.49,182046.68,,0
CUST_F6ADDC93,1413849.43,567252.74,,0
CUST_239D9B58,1596348.34,339194.72,9.0,1
CUST_6A19B0FC,282456.73,61298.03,,0
CUST_D11CBE78,386751.91,71815.45,8.0,1
CUST_62D6C7B8,423492.73,161577.15,8.0,1
CUST_F56FAC0A,654512.52,144481.44,,0
CUST_D7CF0188,1721616.0,382485.23,,0
CUST_577796A2,394597.79,115655.22,,0
CUST_40BC73F7,1762798.66,630973.52,4.0,1
CUST_638FF0B7,1243846.3,293980.73,,0
CUST_15E9C7FC,1170757.35,481012.53,3.0,1
CUST_7D1C2EF8,1072601.14,288989.12,,0
CUST_CEDA0F66,1644861.79,519654.69,,0
CUST_44F22E3D,1071209.3,315479.47,,0
CUST_E1204028,672999.42,245654.75,,0
CUST_5C3076DD,1632745.25,322592.41,,0
CUST_B0407555,641828.79,217234.01,,0
CUST_00173CA1,1406598.21,395268.42,,0
CUST_E38A6B62,280567.98,48171.85,,0
CUST_62B16B97,1623905.02,389123.66,,0
CUST_FF61697C,1121886.56,238913.54,,0
CUST_05E2665B,365027.23,90115.21,,0
CUST_7D40215D,636043.17,161304.48,6.0,1
CUST_EE09D631,514670.88,112206.03,,0
CUST_E73B9390,1399826.13,244653.57,,0
CUST_8DF0B96E,1253669.43,386650.8,,0
CUST_A79E95D9,1436717.33,456642.15,,0
CUST_DD55DBFE,1074732.91,319282.15,,0
CUST_A3347188,857177.34,250995.34,,0
CUST_4B9ACA71,1388727.4,515612.02,10.0,1
CUST_5C4B6B51,1760924.97,562549.4,10.0,1
CUST_62C21C90,940864.87,326832.86,,0
CUST_6C4B307D,1275144.25,286192.12,4.0,1
CUST_0AD608D0,1245038.86,231655.24,,0
CUST_31289D05,410484.14,138046.33,,0
CUST_CF8D8176,1464227.45,392183.98,,0
CUST_334BA8F4,1123297.57,327361.58,,0
CUST_DFEA10FE,719201.25,170688.04,5.0,1
CUST_3D3D723E,651236.79,116009.42,,0
CUST_CC99E8B5,483174.66,83363.9,,0
CUST_D92B0006,1706131.01,665716.04,,0
CUST_CBD5AD31,393610.03,67678.88,6.0,1
CUST_ABFB2C86,1238869.94,445619.89,,0
CUST_A9B39382,383084.34,143688.56,4.0,1
CUST_BE28D655,260368.98,105536.95,,0
CUST_950BEFDC,1652632.47,593299.08,8.0,1
CUST_E8126DD3,1142750.11,268511.36,10.0,1
CUST_D795D557,1483780.27,270290.78,3.0,1
CUST_97AC2C03,1593456.85,332425.62,5.0,1
CUST_3AC5355C,331685.31,66776.1,,0
CUST_6FE07241,711534.78,193073.91,,0
CUST_917136D1,1308477.25,369374.02,,0
CUST_5C28C875,382648.14,88398.94,,0
CUST_40C7701F,765040.0,149171.37,3.0,1
CUST_A24F50BB,1601752.05,644455.78,,0
CUST_E94337F1,1176769.21,271011.43,8.0,1
CUST_D0EAF15C,955850.07,174063.42,,0
CUST_458BDE63,880819.23,236107.53,10.0,1
CUST_4F3E89C6,1506104.14,319283.91,,0
CUST_AD5697DF,892596.63,284103.07,,0
CUST_A241BB87,302282.89,111574.98,7.0,1
CUST_BFEDCF70,256797.59,62117.94,5.0,1
CUST_64EE0A69,1140561.08,244670.37,5.0,1
CUST_07547995,540327.62,202304.46,,0
CUST_AF63543C,1690179.51,641686.22,5.0,1
CUST_1273454E,1578135.32,362234.49,,0
CUST_665133AA,537475.52,110054.68,,0
CUST_BDFAB186,564805.09,128971.5,,0
CUST_A93E8CC1,778788.41,158148.08,,0
CUST_63336DDA,417940.42,139685.39,,0
CUST_FC0ED6C9,1192720.26,331821.71,,0
CUST_10B2D444,443773.41,121533.62,,0
CUST_287F93D2,744220.41,304450.53,,0
CUST_B6279408,1713872.94,699492.7,,0
CUST_5BCBADC7,273634.5,77005.36,,0
CUST_68676C44,1549302.95,525471.76,,0
CUST_0F514778,1182123.1,389926.07,3.0,1
CUST_32079802,1502368.95,602207.77,,0
CUST_85C8CB58,1585556.32,552941.76,,0
CUST_FE88B57E,1218340.33,309027.43,,0
CUST_28B00F2C,584546.23,140367.95,4.0,1
CUST_EFC42263,1425447.75,444724.87,,0
CUST_9E6F76AC,710502.56,193914.31,,0
CUST_646DE096,1781222.75,399729.74,,0
CUST_28F704F4,390297.04,85673.43,,0
CUST_ECA32187,1429569.95,391671.04,,0
CUST_7A4351CB,1618429.58,575525.16,3.0,1
CUST_6EDEB313,1021138.01,250379.67,,0
CUST_D810E800,1414366.87,254925.54,,0
CUST_23DC20FC,879226.52,176455.2,6.0,1
CUST_A82014BF,817257.64,217797.95,,0
CUST_0C8F9CA3,1064794.97,412852.84,,0
CUST_B52533FF,268291.86,78289.3,,0
CUST_8A34DF57,1539631.13,503553.31,,0
CUST_D1D076B3,1362247.27,278446.76,,0
CUST_C6392B2F,1251786.35,357846.64,,0
CUST_57507281,1293289.3,376132.48,,0
CUST_C160924F,1488382.25,260609.58,,0
CUST_5A77AC94,1271727.83,263945.34,,0
CUST_E0282434,1150957.95,306529.61,,0
CUST_189459EA,1713230.69,523469.2,7.0,1
CUST_DAB449B9,521380.32,126055.65,,0
CUST_C24640B9,563738.01,178644.74,7.0,1
CUST_18E5726D,382530.08,131676.44,,0
CUST_6006738C,1627528.42,437748.16,,0
CUST_C5441DA2,1492437.08,342766.83,,0
CUST_575022FB,1202315.14,286330.79,,0
CUST_F441E3FF,762473.98,197211.72,6.0,1
CUST_8570BB92,348601.32,96940.22,5.0,1
CUST_6988DADB,761923.88,162810.14,,0
CUST_22AF3369,1606747.84,358639.71,,0
CUST_F7D7A69B,486757.73,89305.71,9.0,1
CUST_5D2E6C9F,1397130.75,484585.88,,0
CUST_A8E0E67A,1431336.06,377268.64,,0
CUST_3CDB9527,903771.03,288068.31,,0
CUST_C8922593,586097.77,180728.88,,0
CUST_41A410D2,1101633.3,431254.46,,0
CUST_ACADDD25,267383.02,86743.13,,0
CUST_800EC32E,1005374.26,280502.28,,0
CUST_A311D41E,1115628.09,461382.63,3.0,1
CUST_25DAC985,1189781.01,272003.02,8.0,1
CUST_1470676A,1137209.03,465606.59,,0
CUST_36DDF93E,1123404.94,433438.61,,0
CUST_E68CF1AE,563452.54,119340.18,9.0,1
CUST_6D28CF88,1564299.68,592351.03,,0
CUST_E81BA871,939999.44,214345.6,4.0,1
CUST_A5B8C280,1168542.1,254903.37,,0
CUST_8CF24E6F,518371.98,93372.43,9.0,1
CUST_74C7FE1B,616330.87,252347.12,10.0,1
CUST_12C3DC07,792839.66,323885.17,,0
CUST_6BCFD851,919915.76,188304.1,,0
CUST_D660A4E7,1247935.3,390309.54,,0
CUST_A71DEB4E,698612.38,215975.05,,0
CUST_EB8B3DAF,1596360.89,326753.22,,0
CUST_DDB0E364,1263026.78,500407.32,,0
CUST_66EFE7A8,744135.71,161171.87,,0
CUST_DD76DC63,1092723.68,259824.19,,0
CUST_73DFA599,1358689.39,452083.85,,0
CUST_6EB5C811,760760.75,236958.69,,0
CUST_D6AD104B,1430697.78,589644.21,,0
CUST_38892770,811030.13,291179.68,,0
CUST_409894EF,591076.11,169077.33,,0
CUST_9A44A3CF,1414918.11,317876.26,,0
CUST_EA01EEE1,1317456.65,545598.42,,0
CUST_6DFE2115,816725.34,309476.98,3.0,1
CUST_DC9D4F21,950710.7,258248.92,,0
CUST_730CBAC7,665847.61,273623.76,,0
CUST_3C863AA6,1494277.86,542916.82,3.0,1
CUST_E3B0E83D,749949.4,173887.0,,0
CUST_EFB7397A,1732704.42,530120.33,3.0,1
CUST_9186409F,1293846.04,219695.57,,0
CUST_62E0541F,830959.02,233652.53,,0
CUST_AA2C2C56,566181.51,157404.91,,0
CUST_5DA409F6,567554.65,195999.31,6.0,1
CUST_8B5EC2E1,1192251.28,486985.2,9.0,1
CUST_0F90E0BB,714206.52,122226.78,,0
CUST_7322736F,1473381.31,447238.74,,0
CUST_F7F251CB,1600614.51,638408.98,,0
CUST_56BBCE16,482309.49,141344.0,6.0,1
CUST_2379D705,1046416.29,218885.4,,0
CUST_9C4436AE,517870.07,92849.87,,0
CUST_0CA351DF,1743828.77,466035.39,,0
CUST_F527B61E,1744078.42,435962.51,,0
CUST_A004541B,1114559.22,351777.55,,0
CUST_D4DBDFE1,1158399.84,293068.37,10.0,1
CUST_401DC4D8,1186916.46,405884.02,9.0,1
CUST_D1E99B63,1174659.91,205570.93,8.0,1
CUST_30034B66,1122647.24,253975.81,,0
CUST_020DD70D,610431.67,118567.1,,0
CUST_F3CF5AC5,1075705.29,399785.85,7.0,1
CUST_CED9E254,376772.15,152469.93,8.0,1
CUST_1C74C7D5,651080.19,223845.96,,0
CUST_11266D1C,597610.0,216648.76,,0
CUST_37A3A2AC,1213472.96,476707.29,,0
CUST_9A1E8909,816432.98,195513.59,,0
CUST_D7A15461,1126392.24,437569.4,,0
CUST_4485490E,952387.45,288126.78,,0
CUST_74A53E99,1177916.86,224713.4,,0
CUST_E9608F5D,740489.19,276825.97,3.0,1
CUST_97851276,1386169.03,344186.16,,0
CUST_F5D9651B,293412.39,49775.43,,0
CUST_0AD91CBB,936832.49,277740.43,,0
CUST_A711D658,636407.32,231837.29,3.0,1
CUST_F729BF6E,704720.66,134475.54,10.0,1
CUST_1B5ACDDD,708468.94,288476.69,,0
CUST_FCF13F26,924137.74,233960.56,4.0,1
CUST_C558FFEB,963465.17,223570.8,,0
CUST_7B677175,842356.55,322757.77,,0
CUST_DEB3DB69,1156253.54,419277.47,,0
CUST_BAE2E2F2,647099.05,195624.47,,0
CUST_5F66AA29,579649.4,238750.6,,0
CUST_B0440D04,1307983.77,284898.22,,0
CUST_27311476,1130581.07,340414.14,,0
CUST_9617F1B3,833585.04,181398.17,,0
CUST_3C24ADF4,1287158.48,456760.19,4.0,1
CUST_B7F0CDBB,532707.13,173498.11,,0
CUST_C4974468,1137688.22,318426.51,,0
CUST_1474C7C2,1581372.05,572467.3,,0
CUST_16B39311,1501831.65,459824.3,,0
CUST_7A06B560,709115.05,273612.78,,0
CUST_258139AB,674248.65,220160.74,,0
CUST_295549DE,1789932.11,523272.89,,0
CUST_25D0B791,1295365.74,271266.02,4.0,1
CUST_29A6289D,1633526.22,483344.27,,0
CUST_C4D1B3C0,1176927.7,314143.69,,0
CUST_DE17678C,250092.93,45414.05,,0
CUST_2E383679,1094072.92,390896.8,,0
CUST_60FFFDB0,1358687.93,423332.78,8.0,1
CUST_86F8AB55,1172761.92,287826.03,,0
CUST_501BA271,509099.08,98067.76,,0
CUST_55884073,626434.19,123594.68,,0
CUST_AC035270,1530504.49,311368.58,,0
CUST_5A742F21,896468.21,258174.27,,0
CUST_85A25595,340291.19,129184.92,,0
CUST_7CA78E3B,1555891.53,381868.07,,0
CUST_D9F8C6DE,1068848.8,300679.16,4.0,1
CUST_46D68AE5,906825.84,262643.47,,0
CUST_6F4F3209,1764017.05,414810.73,,0
CUST_6B6CC370,1376215.59,491528.38,4.0,1
CUST_252B5A3D,1388524.12,460522.77,,0
CUST_BAEBDCB4,624229.46,144255.71,,0
CUST_6F42ACF3,249049.69,82577.99,,0
CUST_4DFF65F3,869546.9,193469.07,10.0,1
CUST_3BFC4BAD,1464275.03,371689.24,,0
CUST_35B1B025,1565496.64,390916.35,,0
CUST_DA3C22E9,1030837.0,334436.4,,0
CUST_699F382A,249005.39,73340.87,,0
CUST_E9CEF9B0,1010152.18,363493.39,,0
CUST_3E5E2455,1616160.45,648420.82,,0
CUST_EC1E6F3D,896847.72,309058.18,,0
CUST_B3A221F9,758778.64,253999.83,,0
CUST_D60375E4,1532258.15,570946.65,,0
CUST_471BBB95,1042163.21,280913.19,,0
CUST_54414827,1652873.95,405480.2,5.0,1
CUST_900F6748,955116.67,302137.6,,0
CUST_F0780A64,276837.23,67730.65,5.0,1
CUST_D545105C,1508220.77,604044.59,9.0,1
CUST_79ECEED8,1636611.46,364278.01,,0
CUST_7B8DECD1,1057541.22,354584.42,9.0,1
CUST_46D4F12E,678453.23,211142.94,3.0,1
CUST_8E479BDF,1015826.23,352864.68,,0
CUST_3132ACF6,605616.7,236358.9,,0
CUST_7F9E99C6,967481.08,298560.29,,0
CUST_E4085D94,1191007.36,372173.3,,0
CUST_F4E64E4C,1213526.16,264639.21,,0
CUST_E646E7C0,447561.78,77173.39,,0
CUST_BFF5AD9C,603959.61,158924.23,7.0,1
CUST_50C11838,1698117.73,701606.01,,0
CUST_6254A1A2,1135906.94,273057.71,8.0,1
CUST_5C3ABAA1,442902.11,113825.44,7.0,1
CUST_D57FDC20,590462.11,196985.39,,0
CUST_D4DFE080,1133141.73,263156.77,,0
CUST_07CFB987,1010374.39,266130.06,,0
CUST_A61C2D78,704455.89,226702.04,3.0,1
CUST_6641D5F0,1248649.0,232807.86,,0
CUST_53100AD9,707588.64,276950.32,,0
CUST_2425BDB3,1688829.92,351821.02,,0
CUST_D649427D,1030668.8,310649.42,,0
CUST_3DD277B4,497045.35,175954.83,,0
CUST_B9D2BC04,646321.0,207581.11,,0
CUST_3F909286,1172319.54,384212.33,,0
CUST_DA5B3A95,263082.35,51014.2,5.0,1
CUST_01FE9823,1783914.67,712736.09,,0
CUST_238D2E4C,636798.75,224893.5,,0
CUST_3959CDDB,1648548.49,301820.22,,0
CUST_49435D8F,371652.14,102147.44,,0
CUST_7CADC9C5,988273.09,293509.12,,0
CUST_10259704,921139.74,277174.76,,0
CUST_ED7213D7,439663.61,116933.98,,0
CUST_B51E64D8,1543289.6,414876.39,10.0,1
CUST_5F6A3CEB,428275.21,137420.35,,0
CUST_274798A7,1749376.05,326052.48,,0
CUST_D84C1E2C,1597727.23,458608.76,,0
CUST_3633D12C,829613.8,178757.62,,0
CUST_480B7C07,748769.18,305400.51,,0
CUST_8A7F9E7D,1140095.39,247530.18,,0
CUST_A6537305,1657391.79,686492.68,8.0,1
CUST_C585B7B6,374351.37,105968.65,5.0,1
CUST_9AAB0F57,364307.18,72304.29,,0
CUST_2A89183F,1098100.65,382516.81,4.0,1
CUST_39529500,724762.76,298262.65,,0
CUST_B97597C0,633006.69,192783.68,,0
CUST_42447DE8,981062.15,343521.57,,0
CUST_25511277,1295382.9,373057.99,,0
CUST_33386CD4,460941.54,175565.75,,0
CUST_27223581,1766636.81,641417.59,,0
CUST_15933A6A,925311.38,321414.28,6.0,1
CUST_3A9A3D85,588060.15,146149.74,,0
CUST_FE884129,1237293.01,474597.19,6.0,1
CUST_C5E60854,517902.09,182364.66,,0
CUST_A745D7BF,1089190.46,351690.06,,0
CUST_F0A392BE,1732547.64,556688.16,,0
CUST_42CC0086,1490181.41,518935.67,,0
CUST_8C567FA8,1194025.48,469728.51,,0
CUST_33259C1B,1064248.66,268578.7,,0
CUST_6A83C6E3,1425157.28,276296.95,,0
CUST_39F6D8BB,1438410.83,461342.7,,0
CUST_0B056ECE,1140202.62,282450.01,6.0,1
CUST_2EE90328,468577.09,191914.54,3.0,1
CUST_087E9C59,252273.01,93108.07,8.0,1
CUST_EEB5CDD7,442813.34,170963.09,,0
CUST_9EEF9030,506055.71,156941.69,,0
CUST_0F672C9C,835775.77,202628.93,,0
CUST_6B3CE85E,941105.98,319532.44,,0
CUST_0CE9CE65,1704001.65,657348.21,,0
CUST_E81E6012,1706852.05,630087.97,,0
CUST_CBEA23D6,603058.34,179448.83,,0
CUST_07012C2D,1644826.31,524128.81,,0
CUST_2EC8C92D,1600187.91,480055.03,,0
CUST_3A13D407,1408659.87,514892.03,,0
CUST_7972624B,1492525.34,413963.47,,0
CUST_47BEFD3B,716197.07,226819.44,,0
CUST_0728D0B8,793471.06,140304.94,,0
CUST_DC7A2893,622953.56,198992.64,,0
CUST_4D9946D4,568554.44,176589.49,,0
CUST_5638FD95,1007217.08,189929.06,,0
CUST_529824B2,1456725.77,473164.57,,0
CUST_66CA040E,1682364.8,549227.7,,0
CUST_562C9DE5,1549522.95,270764.52,,0
CUST_40033870,437152.97,172860.17,,0
CUST_F084BD9A,1582667.1,456513.05,,0
CUST_C9A4F5C9,591450.4,166051.62,,0
CUST_DCD95EDE,1796173.19,374572.48,5.0,1
CUST_25B8C8F0,539628.48,91387.76,,0
CUST_87328AD5,1745837.98,528763.24,8.0,1
CUST_578F0918,1139572.82,254860.45,,0
CUST_632085A3,1000466.34,328615.95,3.0,1
CUST_5F0C1BED,836871.66,289574.66,,0
CUST_74012AB5,1248982.2,458712.81,,0
CUST_31932670,1404564.75,509071.82,9.0,1
CUST_6405E3CD,1003918.62,246495.81,7.0,1
CUST_9B655319,1143311.13,426165.47,,0
CUST_688BBAF0,584345.24,119481.87,,0
CUST_E67BC783,1309687.54,375741.53,,0
CUST_D5BC5FF2,858533.58,212575.35,,0
CUST_411986C8,1253744.56,301751.34,,0
CUST_E75F1111,1021803.27,280650.59,,0
CUST_282C5753,349157.44,118180.18,8.0,1
CUST_59C2AD86,1360981.74,296181.54,,0
CUST_46E8675A,805733.04,218492.3,,0
CUST_A74DEC3B,889006.27,185382.88,9.0,1
CUST_D7C0361C,320222.05,109489.56,,0
CUST_673DABA8,619628.63,168528.36,,0
CUST_A83998C0,1230009.88,436394.21,,0
CUST_A6F0DE83,737046.54,232783.57,,0
CUST_BDA18A43,1598347.13,662426.61,,0
CUST_BA818F6D,1287208.91,482187.53,,0
CUST_DFB3C696,640665.96,214073.13,,0
CUST_1FB62C1F,314621.29,95955.21,5.0,1
CUST_EDA22AB5,1501796.5,543923.94,,0
CUST_798C9112,1651651.76,561006.35,,0
CUST_A3CF96A1,1263349.02,321035.06,10.0,1
CUST_983321E0,934907.75,297873.34,5.0,1
CUST_C8D8855D,931698.85,169954.22,,0
CUST_B818B07A,624604.52,199148.36,,0
CUST_042FD995,1262479.19,485775.43,,0
CUST_B4849C14,568105.17,151857.29,,0
CUST_12DDBD3F,1603960.41,658378.35,,0
CUST_48C6C95E,1774407.27,427406.63,3.0,1
CUST_17E5DE20,601623.21,200783.5,,0
CUST_525721E6,1643352.92,624059.3,6.0,1
CUST_F32F10A3,407476.44,88577.97,,0
CUST_54B8CEBA,400278.41,88343.78,,0
CUST_2602C456,1285389.42,330955.09,,0
CUST_3EE5F3B0,1767229.23,335049.2,8.0,1
CUST_10BDCA51,880138.7,201425.9,,0
CUST_DD26DF3C,976061.95,367461.05,,0
CUST_F30A82D0,1538499.88,397100.01,,0
CUST_3E0228E5,1138332.94,244406.74,,0
CUST_9B386B6F,1737730.44,604348.32,,0
CUST_CC485B7E,1515412.49,621094.73,,0
CUST_8FF62BF7,778610.47,164856.0,,0
CUST_6DF0871A,318516.42,112867.2,10.0,1
CUST_EEE6B09F,434614.04,153254.35,9.0,1
CUST_5355A6EB,1410199.41,348288.01,,0
CUST_A8455064,368795.84,64920.64,,0
CUST_A8A6958A,1236740.88,358558.62,,0
CUST_C30D86D8,1254108.39,322175.83,,0
CUST_D3E7A72F,1346587.38,333123.35,,0
CUST_1E0C8780,1624416.91,490663.06,,0
CUST_6A09E4E0,1268622.2,227509.37,,0
CUST_5C0A564C,276275.44,84884.24,,0
CUST_8AAECF45,522471.75,146857.91,,0
CUST_2EC31680,899110.97,320058.36,10.0,1
CUST_4872090F,703281.01,190673.53,,0
CUST_FC1B1E34,1433848.1,471353.12,,0
CUST_10A6D0CB,1743267.05,571083.12,,0
CUST_145A4566,1686026.06,606102.26,9.0,1
CUST_CD4D4963,1574435.42,391437.98,7.0,1
CUST_0843ACE1,662448.07,155435.38,,0
CUST_425D5E49,1291209.48,411753.54,9.0,1
CUST_3AE68DBA,1321267.06,329779.54,,0
CUST_F71E2C06,371916.61,105631.71,,0
CUST_48F7325C,833435.09,299546.07,,0
CUST_2C4A72EE,1471210.29,589976.17,,0
CUST_E6D98908,987164.1,296767.78,,0
CUST_D8B8EB0E,1020955.99,271777.32,,0
CUST_49858378,1523550.97,452129.02,,0
CUST_6F2B9E6E,612150.94,219841.54,,0
CUST_6B272CAC,1773398.84,442663.84,,0
CUST_2B776FA8,1612502.61,321807.76,,0
CUST_3A1B9317,1716580.2,446398.76,,0
CUST_5D94B54F,381131.3,92879.27,,0
CUST_555ED0F0,286345.72,72945.87,,0
CUST_A278D8E7,702008.6,267564.58,,0
CUST_AD3380E1,1370972.26,267713.34,,0
CUST_6FBB2198,806254.38,146938.45,,0
CUST_A27365E0,1138974.44,314561.01,,0
CUST_71032CAE,478394.16,180340.17,,0
CUST_A1CB450B,245808.2,49828.35,,0
CUST_A87D0C72,1475913.71,401762.05,,0
CUST_DA477680,1625310.53,340585.96,,0
CUST_F028314F,430498.51,108003.81,,0
CUST_7E3F7D58,359417.34,101132.71,,0
CUST_29F9CE59,829413.82,256347.71,,0
CUST_9A6751C9,1155289.46,328995.92,,0
CUST_290460AB,1047572.99,335237.38,,0
CUST_2948A9BB,1723967.52,314946.45,,0
CUST_91ED647F,1233852.02,410119.06,3.0,1
CUST_D4EC9C2E,409142.48,147918.58,7.0,1
CUST_56EE9E7B,609856.86,190417.38,,0
CUST_89F77FE4,1047504.22,334796.81,,0
CUST_DE5E8A3B,610843.73,250062.17,7.0,1
CUST_261CCC1F,740248.48,209639.47,7.0,1
CUST_53C064AF,1604337.32,568209.31,,0
CUST_D960FCF9,1220078.65,227156.43,,0
CUST_2B8909BA,1662490.63,347618.28,,0
CUST_7E391F59,1087420.15,184367.93,,0
CUST_1BEB28B5,597111.83,210917.52,4.0,1
CUST_EF61911F,1029422.86,359514.5,,0
CUST_45C2EDAD,996743.55,373754.01,,0
CUST_FD620442,993526.55,357564.23,8.0,1
CUST_69D48979,1676870.02,567497.72,,0
CUST_CD2E50A7,1342832.85,301658.42,4.0,1
CUST_70F5C957,602532.53,154781.24,10.0,1
CUST_94E4B175,1538801.72,439206.96,,0
CUST_E02CC0F9,629387.47,242676.51,,0
CUST_BD950CEA,412525.48,74646.0,,0
CUST_041EC4D1,910796.56,321852.09,,0
CUST_3584B537,260440.23,60545.19,,0
CUST_AF461144,1678259.75,670302.29,,0
CUST_ED4D29AB,1508483.8,481451.23,6.0,1
CUST_30FCC7FD,1059664.68,181586.32,,0
CUST_6D07443E,1726288.65,645235.33,,0
CUST_1C0E5E2D,1499717.05,407034.7,,0
CUST_4EB2398D,1792187.11,441792.53,,0
CUST_3C8C6FE8,1546978.77,407307.71,,0
CUST_C02E7AE3,435267.58,93445.82,8.0,1
CUST_175FEF16,726803.5,231389.85,,0
CUST_D14E5CB9,993808.9,244127.46,,0
CUST_A3892ADC,1319527.25,349763.08,,0
CUST_BB73385C,1264711.32,523488.83,,0
CUST_FE6126A4,1737476.92,458040.84,,0
CUST_EF750670,1233699.17,214082.23,,0
CUST_2E5C51D0,1161939.07,464891.74,8.0,1
CUST_EF6DFD2C,408437.01,155078.9,,0
CUST_379836F2,1157497.07,447602.05,,0
CUST_04C51FE9,874441.58,264456.91,,0
CUST_960B147D,1634760.52,478658.17,,0
CUST_3A8A15A5,1287344.66,231485.74,5.0,1
CUST_BA1753C5,799246.07,291153.4,,0
CUST_B083AB96,1155385.54,263369.53,8.0,1
CUST_FB979E1C,1115224.15,203324.04,,0
CUST_6A65D479,606496.87,226647.47,,0
CUST_87DEE7BC,519244.29,121163.62,4.0,1
CUST_2B31F1D7,1368368.42,295139.66,3.0,1
CUST_AFFB968F,1626392.6,435730.68,,0
CUST_AD4069FB,433253.37,77654.66,,0
CUST_D0B19D10,1561825.16,348619.86,,0
CUST_8588948C,1361412.13,551297.0,10.0,1
CUST_DD7AFC50,260056.32,50486.8,6.0,1
CUST_9A5C3943,1609939.06,574732.34,,0
CUST_DC27E337,682860.59,254486.72,,0
CUST_F173252F,343700.32,76543.52,,0
CUST_AD186061,1385733.73,470684.89,,0
CUST_F041C30D,888595.57,344663.22,,0
CUST_8C26B027,1792873.99,534610.51,,0
CUST_3B1775A6,1234168.26,293733.62,,0
CUST_33CD750F,1792492.64,706309.92,,0
CUST_A31768C9,517588.34,95440.95,,0
CUST_32838738,1722801.52,418705.64,8.0,1
CUST_844D9B95,1016999.67,240576.48,,0
CUST_C21008BC,291595.49,82710.41,6.0,1
CUST_A5D9E3A0,1453847.03,439431.86,,0
CUST_E00DFE68,1354836.09,279072.08,7.0,1
CUST_BA762CC6,1639334.06,337047.4,10.0,1
CUST_E3CF6AC8,1717394.88,353428.64,,0
CUST_82780927,1409092.34,508275.94,,0
CUST_9AC8A2BF,845665.98,247412.74,,0
CUST_D7FFD89F,711495.86,178633.13,,0
CUST_419D7C36,1211811.12,433547.86,,0
CUST_A6322942,745538.89,152064.83,,0
CUST_F91ECB8B,1316230.04,240453.98,,0
CUST_811D75C2,601653.01,164577.83,,0
CUST_6CDEF309,1502646.27,499961.39,,0
CUST_289F8C3A,551213.86,145705.85,,0
CUST_80F6DACE,1284632.38,520376.87,6.0,1
CUST_2663CF1A,1742804.04,410382.64,,0
CUST_94AE6C2F,530088.34,179226.35,7.0,1
CUST_5E2B63A5,425284.28,107913.87,,0
CUST_7D4B9AFB,839884.62,266685.19,,0
CUST_3178C4E3,1000421.21,282415.79,,0
CUST_39D6ADAA,1759069.43,453985.47,,0
CUST_5F4F58E4,870796.82,360649.8,,0
CUST_E2A84770,1595004.15,318615.98,,0
CUST_13583049,551098.78,206765.81,,0
CUST_1E0B337D,1628445.31,467516.39,,0
CUST_BB9D488E,1176653.05,395167.05,,0
CUST_787144FD,1585379.25,597025.22,,0
CUST_789F0562,757701.84,241100.32,,0
CUST_16BE46E3,1407852.97,433917.84,,0
CUST_D503099C,1268899.18,355874.53,4.0,1
CUST_08E9DB15,667703.77,155264.14,10.0,1
CUST_FB76C264,1111416.72,433935.69,4.0,1
CUST_7713F96B,1120080.89,304025.27,,0
CUST_A2BE7ED7,1684217.78,291106.65,,0
CUST_E7C87E41,1669125.78,288780.24,,0
CUST_92F198A0,543446.34,106519.25,,0
CUST_54639FA8,1120389.9,271580.1,,0
CUST_551E2AD5,541387.83,122916.87,,0
CUST_D4D66B5F,1535670.58,261736.38,,0
CUST_536AE92F,260113.08,68030.33,,0
CUST_EF02C9B6,1754961.67,444878.5,9.0,1
CUST_4F8D66FB,1160206.0,372331.77,,0
CUST_CE72ACCF,1674643.33,480954.71,,0
CUST_E39C2EEE,845081.54,158042.91,8.0,1
CUST_369800C3,996723.98,340062.53,,0
CUST_9E06A9DB,274772.44,53204.42,,0
CUST_598CFBBB,1501933.2,548271.79,9.0,1
CUST_B50924B8,766434.57,212029.6,5.0,1
CUST_870B331B,540546.22,120431.78,,0
CUST_2BA91EF8,341401.4,135280.47,,0
CUST_076E1748,564419.2,154072.63,,0
CUST_E95F33E4,1373184.61,499780.77,,0
CUST_F1279424,267307.68,71672.83,4.0,1
CUST_401BDCD1,423028.37,92105.27,,0
CUST_1888DCF4,794549.95,167073.02,6.0,1
CUST_19224D48,536797.76,135881.36,5.0,1
CUST_B97E05C5,860901.33,156958.82,9.0,1
CUST_1EF23A0C,1253131.6,306106.23,,0
CUST_50AB0A5D,803309.16,318478.48,,0
CUST_038108D3,577246.58,221472.87,,0
CUST_54035802,1243563.72,482362.52,,0
CUST_10FFB26C,1561788.23,327873.43,,0
CUST_2C1EAF49,1464570.85,261198.3,,0
CUST_896C2620,747722.3,143580.18,,0
CUST_C4C0918B,383389.27,148784.9,,0
CUST_B7DB66EB,799811.23,188299.01,,0
CUST_C4D19FE5,1387952.78,392543.86,3.0,1
CUST_3A0B45B0,1373106.05,362916.49,9.0,1
CUST_19442B80,971142.9,285073.59,8.0,1
CUST_68894E46,1298472.27,399178.57,,0
CUST_5C3DD5F3,1133565.32,262164.75,,0
CUST_16E9B4EB,408094.09,74849.99,7.0,1
CUST_C675FFDA,1724037.13,327888.81,,0
CUST_CA6CA9FF,664595.73,254816.7,,0
CUST_8823C469,993865.52,320138.65,8.0,1
CUST_C91E22D0,822575.37,180418.78,,0
CUST_EF58AFF8,1730155.43,359946.69,,0
CUST_903B56C6,1387924.43,410763.2,,0
CUST_28EDD209,1181186.74,350054.26,3.0,1
CUST_A1EE3794,730223.2,167458.51,,0
CUST_348E9CE3,484899.99,115349.44,7.0,1
CUST_9F080D21,1513720.92,302444.28,,0
CUST_12C69ED8,271285.04,54330.38,,0
CUST_A21E8902,644958.86,165806.22,,0
CUST_E49D5D66,1459239.9,538806.73,,0
CUST_480DE365,1307478.11,316073.23,,0
CUST_5825E88D,956675.21,273877.01,10.0,1
CUST_CADC2696,800880.37,240161.65,,0
CUST_EA6E0C10,1241192.25,467487.7,7.0,1
CUST_CDAF8CF0,1135040.39,196304.36,,0
CUST_2869CFBE,538584.01,102577.79,10.0,1
CUST_E7C2EEBE,749806.89,144870.75,,0
CUST_DBBAB268,1743057.86,359517.99,,0
CUST_7E8F666C,384414.31,69444.6,6.0,1
CUST_6AD20533,1014302.56,185988.44,3.0,1
CUST_C4A5C9CD,1338228.07,358531.16,,0
CUST_7670FF62,264656.35,70358.08,3.0,1
CUST_5366E9E4,1305886.57,308842.46,3.0,1
CUST_A9C1D85C,1508456.23,450369.67,,0
CUST_10913DA7,429909.8,120350.96,,0
CUST_C83578DC,1597009.01,625188.37,,0
CUST_35248335,463789.09,179335.01,10.0,1
CUST_0F9DE3C0,578233.95,159113.68,,0
CUST_1F349FF7,708021.71,176078.69,,0
CUST_D7944C66,1709695.96,669684.34,,0
CUST_26BD867A,1471938.98,514256.62,,0
CUST_EF60CBBE,592481.86,153053.73,,0
CUST_9F318B5C,830321.46,310168.78,,0
CUST_FCDD2E96,1494427.06,329572.61,,0
CUST_E57E84C0,1711315.88,435600.06,,0
CUST_F1E60901,1705294.23,706865.64,10.0,1
CUST_1358DFE5,688054.1,138066.83,,0
CUST_213BC9D6,1633044.33,602492.62,10.0,1
CUST_3682CCA6,986193.66,360025.0,,0
CUST_CF392C1C,614277.39,168168.08,,0
CUST_CD87F5F2,1469814.33,429637.45,,0
CUST_EC90C58C,808844.09,292941.61,,0
CUST_EF623129,456446.72,158907.99,,0
CUST_D17B22CE,1590139.03,511371.58,,0
CUST_1DF8038D,315515.29,131387.39,,0
CUST_77704AA2,479902.04,143030.04,,0
CUST_383D0246,590751.34,240743.94,9.0,1
CUST_880D73E4,1425299.55,536247.83,,0
CUST_452EC5DF,1613680.32,434892.46,,0
CUST_2AA566A3,1182482.41,368844.15,,0
CUST_1732BAC5,1637795.53,652209.09,,0
CUST_651DAFAE,1400605.65,492020.26,,0
CUST_DB51621E,1298071.93,397174.06,,0
CUST_7803D4EB,1795845.02,533668.71,,0
CUST_E2D249D9,474841.1,139073.81,3.0,1
CUST_D8FFBD2E,425739.6,72827.63,5.0,1
CUST_7219B3DA,311819.33,93688.94,,0
CUST_A7D64FFF,602684.52,174495.44,,0
CUST_F9CA4B4A,451356.06,186771.9,,0
CUST_521000EE,485941.76,194482.14,,0
CUST_7FB258F7,1429078.85,416120.94,,0
CUST_B5C00FFA,1642590.43,561484.26,,0
CUST_CE1CF19A,1793037.51,310453.35,,0
CUST_988D1452,766973.47,213281.9,,0
CUST_DC0642CE,1651959.91,482348.18,,0
CUST_81970B9B,571760.59,108041.87,,0
CUST_67588AFA,1375100.71,527742.78,,0
CUST_0FF5D482,305192.03,114848.48,,0
CUST_2805028F,1143181.65,225825.03,,0
CUST_3BB5D716,554772.99,153964.63,,0
CUST_923B9AE0,1546569.72,584802.04,,0
CUST_BE0104CB,849573.72,172879.61,,0
CUST_647C2282,1589569.1,528486.78,,0
CUST_AE35E6E6,558542.15,97937.05,,0
CUST_AC266A46,1710974.71,451197.6,,0
CUST_56BE2789,1352107.73,546681.41,4.0,1
CUST_1732803A,1189892.51,241109.48,,0
CUST_876F3F0A,1286374.1,403648.52,3.0,1
CUST_527825ED,533735.28,116744.38,,0
CUST_E8FB25AC,884610.39,254461.62,,0
CUST_612F751F,1099177.12,269437.72,3.0,1
CUST_791926FC,532876.62,103778.63,,0
CUST_73B83EEC,1351380.08,358542.73,,0
CUST_2304A1F6,849352.96,297156.78,,0
CUST_095D9652,1023443.83,273604.93,,0
CUST_F416120D,972197.67,171154.41,,0
CUST_DE59A127,335442.98,80502.72,,0
CUST_9B6E7753,244478.89,62561.08,,0
CUST_37CC3270,711855.67,145407.0,,0
CUST_5BA7BEC3,625029.18,240437.61,,0
CUST_F0209ACC,715616.87,294614.6,,0
CUST_0ED8FE1F,1053096.72,292372.65,4.0,1
CUST_8D80B9BD,733475.64,239014.73,,0
CUST_C19CE221,1539864.55,469807.06,10.0,1
CUST_54660B2C,1496699.96,281550.52,,0
CUST_AD1C93FE,748844.88,153660.28,,0
CUST_B6ACBFF4,338379.69,108741.18,,0
CUST_393593F2,1098814.52,405226.2,,0
CUST_F1595F59,1023173.07,425845.05,,0
CUST_96961AB4,1267880.21,423058.73,,0
CUST_88EB4E22,1423699.16,349098.78,,0
CUST_1CF07C57,645960.36,114550.05,,0
CUST_B8088A63,1727084.4,706305.9,,0
CUST_9F3C8646,882109.02,198444.87,,0
CUST_2DD55BE2,465463.76,188806.49,,0
CUST_E4E31A1F,550939.07,123234.54,,0
CUST_F2A297A5,1530961.59,363869.25,5.0,1
CUST_01135EE1,1701228.09,583461.88,,0
CUST_FBB2C9C5,503924.92,170944.5,5.0,1
CUST_36A6C87C,1251877.35,263107.46,,0
CUST_C454B495,1589185.93,272491.62,,0
CUST_3D1D503F,1658898.56,555541.9,,0
CUST_1AE01E08,1333777.15,238710.52,,0
CUST_981A20E4,1617354.75,466090.33,,0
CUST_7840B555,1054658.69,266648.9,,0
CUST_4396243F,769486.44,228567.57,,0
CUST_D5C9D4C3,1097591.03,261286.49,7.0,1
CUST_11344DC2,787911.87,285749.28,7.0,1
CUST_A3A8F50B,1407208.35,541808.55,,0
CUST_E5A490DA,288887.72,78840.03,,0
CUST_04C44F36,1550035.29,531030.47,,0
CUST_043C3715,1173047.01,258712.15,7.0,1
CUST_07D2834F,1263918.23,377880.03,,0
CUST_2787FCE0,867868.5,196251.2,9.0,1
CUST_AE22D77C,363509.43,78275.28,,0
CUST_8419D59C,464134.62,145613.84,5.0,1
CUST_200A11CC,1227594.86,462478.59,6.0,1
CUST_4C200714,287098.83,53805.18,,0
CUST_0B47DF4F,1063016.32,242291.8,5.0,1
CUST_DFE0A1D7,1557236.83,616883.99,6.0,1
CUST_58E29E07,1060689.37,204522.37,,0
CUST_7A12195F,876181.17,183106.02,,0
CUST_C5A8256E,630481.43,234071.7,,0
CUST_5FA4123F,738211.53,286239.65,,0
CUST_2755B049,1345699.48,258435.34,,0
CUST_D86C603D,1455347.07,254333.16,7.0,1
CUST_6B702F8F,1250445.25,313994.43,,0
CUST_C5AAAE36,937504.07,352978.2,,0
CUST_600689BD,386998.02,126479.2,,0
CUST_1459781B,1710691.0,377418.9,,0
CUST_16661B06,1658107.46,564559.26,,0
CUST_C8E9CB72,453098.18,83166.74,4.0,1
CUST_C925C28D,714841.47,281122.03,,0
CUST_F3662556,476606.41,173663.32,,0
CUST_23A7B195,504269.31,205677.45,,0
CUST_E9BA753E,1453234.0,251676.23,,0
CUST_D25E0D09,1605965.67,482994.22,6.0,1
CUST_CECA470B,600519.68,180857.29,7.0,1
CUST_E7253A76,1191796.19,255117.14,,0
CUST_18F0DB47,1452641.74,547534.09,,0
CUST_5F17DD14,646409.49,115294.03,,0
CUST_3B8E5AAF,1720412.83,649645.29,,0
CUST_90FFB3A1,1193048.92,360368.43,,0
CUST_F15C6C42,273165.13,65452.74,,0
CUST_82F91677,771034.23,312759.44,,0
CUST_F90ECFB3,1210887.11,223212.04,5.0,1
CUST_A7F03978,395361.47,137676.26,,0
CUST_C66FCA18,717114.85,276337.78,8.0,1
CUST_7DF61C1D,1651211.54,686616.37,,0
CUST_4CF9D67A,281103.75,61267.79,,0
CUST_5284F07A,1125039.12,362708.21,,0
CUST_D24C1214,898900.22,341875.58,,0
CUST_117A6A4B,1040930.31,247956.1,,0
CUST_176331AB,632629.99,178197.38,,0
CUST_30A64F2A,1485743.68,390242.62,,0
CUST_F40C2CFC,1761743.56,573073.96,,0
CUST_CB9BCC5B,618455.78,106181.01,9.0,1
CUST_5FE60BDD,992997.24,337036.87,,0
CUST_FDCD47CC,749680.33,270320.55,3.0,1
CUST_6805C591,1678940.99,314166.51,,0
CUST_AD483496,734992.54,254520.83,,0
CUST_0CB348AB,442723.79,89512.2,,0
CUST_E136622B,1657645.54,406162.48,7.0,1
CUST_B0129949,242348.83,50658.13,,0
CUST_1877A0B9,893350.1,273244.33,,0
CUST_7250BB6F,501742.61,174492.54,,0
CUST_F3686A15,700382.76,217815.5,,0
CUST_4D1AD67A,1633587.04,527300.59,7.0,1
CUST_74795C74,767727.07,136666.33,,0
CUST_94027E65,1603948.2,441369.9,5.0,1
CUST_C270A1C4,1234718.07,386647.51,,0
CUST_A9D8A03A,1561906.97,397256.79,,0
CUST_733A85F7,783164.12,276850.53,,0
CUST_0CE8CDB4,1100453.89,342557.24,,0
CUST_5527BD38,826877.45,304750.18,,0
CUST_CE4998C5,1254178.22,469857.29,,0
CUST_7E7806CC,1495720.39,345453.23,,0
CUST_1904A730,637079.96,156538.13,,0
CUST_5F31C3A2,1561302.24,289301.73,3.0,1
CUST_A335AA3E,1218187.08,409930.29,,0
CUST_0621BBA9,1574398.57,565584.08,,0
CUST_EA28CC18,1498930.74,608636.02,9.0,1
CUST_A159F130,1293504.99,306445.29,,0
CUST_0E691DFF,1677934.47,421969.3,10.0,1
CUST_1ED7414D,1761467.79,602122.53,,0
CUST_8BF71F32,608616.52,195950.23,,0
CUST_4FB323F4,921825.89,348349.48,,0
CUST_41817015,1285052.23,434618.72,,0
CUST_DB445AAC,750905.39,141484.22,,0
CUST_968310B6,1381579.56,356020.81,,0
CUST_47A2C478,863184.88,261737.59,7.0,1
CUST_29B6C806,490413.42,195039.87,8.0,1
CUST_E2A05968,971349.01,295045.68,,0
CUST_3A9BA82C,940952.06,274261.07,,0
CUST_85AE63D2,842130.09,345038.24,,0
CUST_86215896,1106420.01,241257.89,5.0,1
CUST_D5468C64,1733360.7,599688.0,,0
CUST_122EC7BF,532049.43,198468.44,9.0,1
CUST_F1CCC8E9,1796222.87,313191.67,,0
CUST_D2F2C538,780775.44,158284.26,,0
CUST_4381CEAB,427506.77,93744.25,,0
CUST_B89789DF,786136.07,253449.81,,0
CUST_13EFC171,1707442.0,293285.95,,0
CUST_7A1542A9,1570477.08,387515.41,,0
CUST_EE27EFC8,358327.74,135178.73,6.0,1
CUST_7C8BCD42,1222798.95,329267.86,,0
CUST_C1D5176C,1470493.91,380936.91,,0
CUST_FCC44E86,276057.48,52761.59,,0
CUST_0A76A77A,978974.92,291125.68,,0
CUST_4766A834,405127.64,159215.45,,0
CUST_05526DA8,1346593.22,343743.71,,0
CUST_3C286E5D,852420.0,284797.57,,0
CUST_EFA1F548,747718.73,275988.66,,0
CUST_7F49C963,1051492.61,356182.97,,0
CUST_A0F941E3,490386.0,136229.42,,0
CUST_53DED384,856319.75,315582.6,,0
CUST_11E24D96,732963.3,167170.85,,0
CUST_B02BB934,992554.49,187823.82,8.0,1
CUST_1883C6E5,960699.75,269590.17,,0
CUST_F5688BCE,1792086.64,690402.68,8.0,1
CUST_192ED3A6,1647416.16,565404.04,,0
CUST_6FA5B7C5,371461.64,118614.21,10.0,1
CUST_6D805B11,1694084.22,397427.75,,0
CUST_6261D0A1,1312591.52,416061.94,,0
CUST_92057EFF,1711270.93,314388.97,,0
CUST_2DA1EF01,1695437.5,513810.97,,0
CUST_710131D2,1159068.23,276542.07,,0
CUST_BC8E2270,1210847.82,416491.41,,0
CUST_DFA1384C,550256.61,118283.11,,0
CUST_35BB26C5,1650966.28,685852.86,,0
CUST_F01AE9CB,1173377.08,328414.75,,0
CUST_C82C5B8D,1733029.74,676103.13,,0
CUST_BB462DA1,1414828.04,460333.61,8.0,1
CUST_BEEBA8AC,1076398.33,320700.9,,0
CUST_3CB5FD3A,1682183.55,310274.98,,0
CUST_E59D8A32,1755727.02,681625.98,,0
CUST_965FC347,386298.85,99220.13,,0
CUST_7F878ECE,1251584.75,349341.47,,0
CUST_3C36A6CC,632776.4,154801.74,,0
CUST_4B07C3E2,1364322.72,409797.04,3.0,1
CUST_D2F0B2A9,1302083.18,413971.78,,0
CUST_FAEB4EA1,1746134.43,408475.22,,0
CUST_7B1EEFDA,641584.17,209106.31,,0
CUST_2BDA8EDB,817425.74,231223.52,,0
CUST_9A11565F,253576.52,46247.05,4.0,1
CUST_CC2F3720,879054.38,200294.07,,0
CUST_FAED4503,1791186.97,553504.5,,0
CUST_4A31B5E6,1001065.72,402155.31,,0
CUST_7E44C02D,1295110.3,318062.75,,0
CUST_8BCCD80E,1578742.99,375548.29,,0
CUST_6C61D149,693337.53,192104.71,,0
CUST_E8E8DBE9,1259541.56,377885.89,,0
CUST_1A2FEA5C,1499298.49,615938.21,7.0,1
CUST_379D43FA,752514.12,282190.58,,0
CUST_355F78A3,692544.33,210057.7,,0
CUST_30206572,1624300.44,653639.37,,0
CUST_E28700FA,1062851.39,244231.03,4.0,1
CUST_C83DF47C,1319484.11,490990.37,7.0,1
CUST_5965F664,240585.86,59485.3,,0
CUST_80839217,875964.08,315118.56,7.0,1
CUST_EBBF0A0C,1538472.83,370656.25,,0
CUST_63AAB496,972664.23,232202.02,,0
CUST_A3287ED7,312861.23,108620.73,,0
CUST_62F9D2C7,352342.82,125720.24,7.0,1
CUST_CA71EDD1,1522796.67,483309.99,4.0,1
CUST_0B680EF6,1026262.07,304792.09,,0
CUST_63BB5CEC,1659508.99,598033.34,9.0,1
CUST_44393095,278597.88,70226.62,,0
CUST_79EC155E,1770412.36,368805.26,,0
CUST_41AE777A,458808.68,133011.92,7.0,1
CUST_3077E00A,1602663.06,449336.34,,0
CUST_FA045D6E,1529925.58,599669.66,,0
CUST_8D37EA2D,1591080.54,283479.29,,0
CUST_29B083BA,432096.16,84250.52,,0
CUST_5C3184F5,534557.06,162427.86,,0
CUST_8CAD0C8C,478035.0,100352.92,,0
CUST_5ADA1B8B,1401844.46,359005.26,9.0,1
CUST_D2B4F47E,865765.64,206105.99,4.0,1
CUST_E7D63A6D,1512467.81,413992.48,3.0,1
CUST_2EE0EF47,1671587.85,384922.56,,0
CUST_FCEB0107,635208.11,160070.87,,0
CUST_05670C77,1196919.14,359347.8,,0
CUST_B223D2C4,348419.87,67959.37,,0
CUST_548140FC,1493692.5,376306.54,,0
CUST_0D64C990,972913.59,233057.6,,0
CUST_70869723,385364.04,143215.16,9.0,1
CUST_448E7308,366283.49,94431.02,,0
CUST_AAF7E22A,1067809.57,357472.37,,0
CUST_76DC5E8F,454792.81,167828.77,,0
CUST_24C16D9B,739176.17,211353.37,,0
CUST_97047D9A,1273943.28,378747.0,4.0,1
CUST_94C14D6A,1670628.15,592427.7,8.0,1
CUST_5FBCC230,383475.2,106610.71,6.0,1
CUST_4F5D8F0A,1331370.41,336098.01,,0
CUST_3CCD9B24,901420.96,361072.49,,0
CUST_7E1F6F19,1220526.94,242610.46,,0
CUST_AD80C947,443977.81,175268.67,,0
CUST_6215A143,1275315.54,408296.27,,0
CUST_39E974D1,1092223.61,406248.09,,0
CUST_0EB6A5F4,1372552.56,455440.66,9.0,1
CUST_81D547CA,1391785.55,485373.67,,0
CUST_C74C409F,1759553.82,609529.18,,0
CUST_7151CE32,1179662.15,483953.38,,0
CUST_2649340B,837607.73,344751.67,8.0,1
CUST_A36937F8,1584556.5,538104.89,,0
CUST_FA2ACBBD,1451250.67,528712.07,,0
CUST_30E519F4,888561.34,345982.98,4.0,1
CUST_DE2E600F,267566.86,92636.4,,0
CUST_CEDC7F5B,995558.86,349052.9,6.0,1
CUST_A6A997CA,821559.44,195434.21,,0
CUST_F4BEB895,778315.62,238219.68,5.0,1
CUST_3FB51A59,945238.38,200227.94,,0
CUST_9A4687E4,860043.02,305915.36,,0
CUST_B52384D8,982964.17,351018.17,3.0,1
CUST_ADA6DBA4,1693621.47,605909.97,6.0,1
CUST_0D912292,1451134.28,598017.38,,0
CUST_3F2CFB7A,471403.73,120358.6,8.0,1
CUST_3AA3BCA6,419291.14,141676.54,,0
CUST_AE7A4106,1253415.59,379987.01,,0
CUST_C2569F6C,1366264.35,274493.46,,0
CUST_41447D72,533094.12,180228.07,,0
CUST_2E169DAE,1311062.3,244896.56,,0
CUST_59F83851,1345702.45,506291.46,,0
CUST_9D19A508,1030571.21,397860.81,7.0,1
CUST_B8D8BF85,940609.25,380847.8,,0
CUST_E800A972,926277.63,310831.35,,0
CUST_16D07C27,1629039.82,315314.49,,0
CUST_6A7E162B,620995.6,130797.36,,0
CUST_7DD4E47A,1504015.52,475781.34,,0
CUST_5638C490,1704743.3,673139.79,,0
CUST_3EEDCAFA,496008.15,191117.76,,0
CUST_3150DA80,1716132.28,691148.85,,0
CUST_08686AB4,734244.1,303683.96,3.0,1
CUST_624B8F09,1098602.25,449401.98,,0
CUST_A4C0E6F8,875729.96,230283.55,4.0,1
CUST_8FF28DB6,969175.21,231165.73,,0
CUST_F5EFD960,947204.7,230028.36,,0
CUST_80AB36F8,1793422.83,593827.36,,0
CUST_0C93ADC0,449335.88,130862.18,5.0,1
CUST_F2DC4559,302286.33,109885.1,,0
CUST_470D4A40,1439295.03,394847.31,3.0,1
CUST_79DDB8A7,891840.56,227830.75,,0
CUST_C941319C,1002447.65,393735.9,,0
CUST_4259CC1D,1390905.42,521804.72,5.0,1
CUST_33BE965D,473987.31,184816.25,,0
CUST_6338ABE2,1127450.33,448559.04,,0
CUST_0A1A5B00,905498.32,161399.4,8.0,1
CUST_6AF6D778,1356379.64,275848.88,,0
CUST_8E2FB652,1560545.55,575691.53,,0
CUST_7B03921B,390808.32,132792.84,,0
CUST_25FBC2FF,348893.61,106540.63,,0
CUST_4242CB64,475815.89,118095.39,,0
CUST_12CF703D,1120155.41,239732.1,,0
CUST_7B2C492A,1041725.93,239903.16,,0
CUST_AB31B6CF,436626.65,113918.72,,0
CUST_FCD67AD3,1153269.76,332687.05,,0
CUST_0205A467,1452348.37,254067.21,4.0,1
CUST_D2751A48,1206008.83,266592.51,,0
CUST_DAC8ED8B,963786.59,356472.9,,0
CUST_E575C98C,736650.31,297297.33,,0
CUST_40473F78,1385818.26,430790.0,,0
CUST_47C8233C,1448001.43,585330.29,8.0,1
CUST_3D690629,848250.52,159996.57,,0
CUST_4D9BEA38,284693.81,117234.24,,0
CUST_AE51A9BF,635020.14,259700.04,5.0,1
CUST_FC9D1A21,294958.16,52707.56,8.0,1
CUST_003BAF17,472325.31,134202.07,5.0,1
CUST_FCA5F2A1,611363.77,125556.49,,0
CUST_3F853A66,252419.93,65779.0,,0
CUST_478EFFAC,919350.93,374907.05,,0
CUST_26E7653D,367181.89,67433.7,,0
CUST_092C1605,802083.94,223478.75,4.0,1
CUST_2B365F7C,255939.0,81942.59,,0
CUST_C8E431AE,1692832.61,700263.63,,0
CUST_02986736,1149697.63,327319.59,,0
CUST_624A044C,920462.02,332020.53,,0
CUST_4146CEA1,717877.94,215481.18,,0
CUST_8E24E2CC,337845.78,86854.34,,0
CUST_1778FFAA,690728.52,257413.03,,0
CUST_F0A15AAC,622526.85,141872.98,,0
CUST_00F46242,1290554.54,324310.42,,0
CUST_CE98E9A1,1791103.23,572959.03,,0
CUST_0210B29B,1250804.6,476364.58,,0
CUST_CBC3BF42,698988.4,139071.18,,0
CUST_7CF36F78,690949.67,243497.06,7.0,1
CUST_07A536DF,1585332.46,286767.7,3.0,1
CUST_6B334A1A,1357601.04,381027.43,,0
CUST_48BF5FF3,378927.19,64550.98,,0
CUST_19C8D283,1446542.21,279902.21,,0
CUST_8AA40603,766565.2,295863.38,,0
CUST_80FD9148,1559402.32,565236.86,,0
CUST_501074AB,807004.12,173977.15,,0
CUST_9C209336,787239.73,258728.38,,0
CUST_9D467166,728417.56,189812.51,,0
CUST_D56AB19E,1416975.12,375957.71,3.0,1
CUST_A7719CDC,1176642.05,296091.25,6.0,1
CUST_C38BA46B,978007.49,234159.29,3.0,1
CUST_460B53CB,281933.2,72717.98,,0
CUST_48BCD06D,732085.49,133171.23,,0
CUST_E36542E0,742561.01,289059.07,,0
CUST_E4607F2A,1575787.94,422830.13,,0
CUST_5D57EA8A,1749905.73,434813.18,4.0,1
CUST_DA65E33C,825079.44,267475.18,,0
CUST_53E851D6,1559932.46,388486.48,,0
CUST_FB94C10B,865847.19,172816.88,,0
CUST_B3BECF6E,1206393.59,447754.45,,0
CUST_D9449DD3,693173.3,265351.66,9.0,1
CUST_54D71D41,916060.28,319380.89,,0
CUST_D63534F9,1112654.13,241935.75,,0
CUST_84429AB1,1326105.04,460940.66,,0
CUST_F49BE439,884758.86,263739.18,,0
CUST_4DFF687D,1439210.15,398694.04,,0
CUST_3F9D8CC1,303499.51,74435.92,,0
CUST_FA9CE5B3,715063.43,129548.98,,0
CUST_873FAFF1,1513372.22,260461.33,10.0,1
CUST_529C0325,363509.75,129489.76,,0
CUST_172AA6C5,282634.29,62190.18,,0
CUST_5AB4DF6A,938562.21,222499.96,,0
CUST_A9E8B69E,258504.83,49759.53,,0
CUST_7B0EBCD5,741171.51,191784.88,,0
CUST_DB64F5B9,1049231.99,285883.99,7.0,1
CUST_B4F79569,557910.45,193116.91,4.0,1
CUST_A1C52990,1312164.93,490864.7,5.0,1
CUST_6DF46C70,300683.11,108476.78,,0
CUST_C010EBF5,1130745.44,448113.79,,0
CUST_D54E8CDC,253500.03,90345.52,,0
CUST_35F5C9AA,1607491.76,488696.18,,0
CUST_D9FC686E,501537.54,109774.17,,0
CUST_804E7042,1138387.03,341557.71,6.0,1
CUST_721B235F,1598204.5,512757.32,7.0,1
CUST_98CA6C7B,1763550.61,432562.56,9.0,1
CUST_2496A808,1762582.85,624914.23,8.0,1
CUST_7C0AAD50,606761.89,112703.73,,0
CUST_52B0499C,805976.51,141443.93,,0
CUST_4E519C04,616003.43,154007.36,4.0,1
CUST_6BB6C003,1624431.07,348218.48,,0
CUST_4584E3F0,365997.78,77533.64,,0
CUST_42D9866E,1484238.61,293289.52,,0
CUST_0FD8E602,880396.34,251139.4,,0
CUST_19A41358,1294366.27,362710.84,,0
CUST_60C67554,1275895.06,229009.13,4.0,1
CUST_0EA94EDB,1600295.86,405746.33,,0
CUST_A0E71F36,350599.63,102123.89,,0
CUST_06EEBC95,241410.14,63338.15,,0
CUST_8E3841D1,1535214.07,379280.31,,0
CUST_43293E2D,372063.43,76621.95,,0
CUST_53787F85,1061173.26,220703.05,5.0,1
CUST_7B142837,742818.11,294791.81,,0
CUST_3BD28C58,1628675.12,556661.84,,0
CUST_59259AF8,1119776.3,267524.44,,0
CUST_E395BD95,1779336.93,612923.05,,0
CUST_BE58247F,1639100.91,526549.19,,0
CUST_3C663798,447273.51,112836.03,,0
CUST_FED8CE0B,590204.81,164190.19,9.0,1
CUST_330F7F10,357317.59,99669.65,5.0,1
CUST_911FD2BA,1673993.89,610223.23,,0
CUST_7D525992,750625.08,195703.52,,0
CUST_F928DABE,361713.82,90468.06,5.0,1
CUST_C1744730,885821.57,245920.9,,0
CUST_7D236251,864052.5,341044.24,,0
CUST_1F3CCB1F,365118.4,70439.07,,0
CUST_11621384,877134.0,178200.49,10.0,1
CUST_CD6F6766,1522880.92,392908.51,,0
CUST_EBD57085,746196.45,232293.93,,0
CUST_267F131E,1297181.24,477938.92,8.0,1
CUST_2F8EF248,763052.41,148822.51,,0
CUST_48E54454,766468.29,236761.35,,0
CUST_2BC0438C,252746.03,94761.66,,0
CUST_F212210F,505117.24,171911.23,,0
CUST_DDE0DE6F,569706.25,188407.04,,0
CUST_03F99E5C,1697253.74,620194.21,,0
CUST_8A7EC348,894557.06,238627.68,8.0,1
CUST_A9EC3BF4,776873.15,247274.84,,0
CUST_CE428DC3,1093237.27,248446.44,,0
CUST_07A3B884,281858.67,56679.65,,0
CUST_0AF5AD48,1417954.83,403219.92,,0
CUST_788A5416,848331.87,331492.53,,0
CUST_3ABB1EB9,733369.18,210575.66,,0
CUST_5B3F5690,982440.99,272108.04,3.0,1
CUST_D3BD5D3F,1561142.67,510324.39,,0
CUST_1FCDCCF0,1031976.98,213936.4,,0
CUST_80A1F34F,1523746.05,612259.29,,0
CUST_C14D40ED,429215.71,111564.19,,0
CUST_8CA554E9,1308125.76,354802.27,,0
CUST_C5D218F5,1697502.57,687308.24,,0
CUST_54C16A66,748862.6,153522.23,,0
CUST_791519BA,482365.24,127183.77,,0
CUST_21A7125A,668992.35,215017.78,,0
CUST_A0E56886,902090.5,353783.02,10.0,1
CUST_2DD16358,744910.23,196520.36,,0
CUST_8C5D84E8,1512429.47,552547.39,,0
CUST_BB99F549,1028993.27,228964.59,5.0,1
CUST_958F8709,955475.13,330501.91,,0
CUST_56274A40,512430.38,138407.02,,0
CUST_02FE8D18,1549535.97,558212.89,,0
CUST_6C2D29F3,1594206.05,555312.73,,0
CUST_8D34242C,1507098.45,298998.15,,0
CUST_79ED9BDE,784674.72,249524.53,3.0,1
CUST_BB384D02,282498.48,86572.9,,0
CUST_B231C75A,965375.19,204140.28,9.0,1
CUST_AD252422,517123.9,90775.46,,0
CUST_1D464160,778811.65,283289.04,,0
CUST_A5A58182,1610309.02,323924.08,5.0,1
CUST_C739AE3C,936336.83,208976.09,,0
CUST_DDC8E651,1300239.78,400174.26,,0
CUST_9EDF7943,1367303.57,479294.82,4.0,1
CUST_F00AC77D,1351162.73,252290.63,7.0,1
CUST_F2F3E029,573080.63,185346.94,,0
CUST_25CCCA79,743518.69,124085.5,3.0,1
CUST_8579A4AE,748964.78,274213.62,,0
CUST_5ABB6E80,1345399.36,289448.5,,0
CUST_B148EDF4,531918.31,157750.42,,0
CUST_1BE4D435,294691.21,75417.55,,0
CUST_0EA1088F,1525346.45,544779.26,,0
CUST_57B94C70,509754.62,189018.93,,0
CUST_3D25DCCD,1351285.35,291462.11,7.0,1
CUST_588695F8,819935.57,213690.16,,0
CUST_CEBE7D68,1717679.9,546818.22,,0
CUST_A73A7A8A,337564.85,115568.2,,0
CUST_59E5A1B4,1511247.49,615496.35,,0
CUST_9EF5596A,1111895.26,281923.8,,0
CUST_96B85F8C,1442315.93,306876.91,,0
CUST_0DFA381C,1462067.53,400308.05,,0
CUST_11251CD8,1725658.11,466968.47,,0
CUST_42B9B502,1033467.62,252051.99,,0
CUST_EE092E2B,1763530.07,526890.19,,0
CUST_13DD2F1B,980750.54,308504.35,,0
CUST_B0E6020E,1173278.27,405605.97,,0
CUST_DA7C6CF3,1734874.37,675764.06,,0
CUST_CA33BD17,721648.89,239603.81,4.0,1
CUST_CCC86BD9,380165.22,157936.26,,0
CUST_D14D2A55,495815.04,99634.4,,0
CUST_C1F42CC4,459227.25,114778.65,,0
CUST_DC5D8A85,923715.67,225285.22,,0
CUST_2CCF586A,1024405.17,378957.89,,0
CUST_7ABEE754,1028912.98,385225.54,,0
CUST_883848E9,1311859.32,534786.96,,0
CUST_BD989E60,1183142.69,258951.03,,0
CUST_5834A494,1125941.8,369249.63,,0
CUST_8E55BD7A,929338.15,269926.69,,0
CUST_8AC66A87,967367.98,380240.97,8.0,1
CUST_72C79DDB,665998.76,147439.38,,0
CUST_AFED144E,1141962.99,462166.68,,0
CUST_5BEC8AAA,244063.96,51548.07,10.0,1
CUST_7AF48FAE,559454.51,210175.83,,0
CUST_B260B1E3,339332.86,92221.93,,0
CUST_C0B3356F,1221012.85,311895.3,,0
CUST_DA6B5544,1626090.88,582781.03,,0
CUST_BB79D012,473090.65,163695.45,9.0,1
CUST_A3198EFA,396864.47,69672.58,,0
CUST_17C0040B,1619853.66,443245.29,10.0,1
CUST_420ADD7B,909648.28,241681.09,,0
CUST_B64DD19E,513825.91,188514.97,7.0,1
CUST_4B78E6F0,1047030.72,408404.77,,0
CUST_3604EB03,1262174.21,512503.65,3.0,1
CUST_38F79DD5,790876.55,144632.86,,0
CUST_8264EFE1,681332.04,148190.19,,0
CUST_551385BE,1479610.53,483794.53,,0
CUST_A9FC204F,1447755.51,349347.88,8.0,1
CUST_52C4B812,1055680.96,298084.41,4.0,1
CUST_C97A7CEA,749186.16,248417.42,,0
CUST_D059551A,471840.63,136870.98,,0
CUST_9F5CA991,628691.7,226499.43,,0
CUST_255F32E6,1006843.15,372439.17,5.0,1
CUST_4CF235E1,1528771.96,389065.52,,0
CUST_2217857E,1385517.9,550850.7,,0
CUST_A7E5EFEF,1447545.86,588409.4,,0
CUST_6DB49C9E,1347105.56,489607.03,,0
CUST_4213F22C,742602.11,128301.59,,0
CUST_976CAD8B,665875.96,147168.8,,0
CUST_543EC966,1503856.38,329305.44,,0
CUST_19D8D22E,921362.36,312796.52,,0
CUST_108DDFA9,1678186.74,601875.46,,0
CUST_248FF792,1433108.41,500504.01,,0
CUST_8ADDD272,541847.43,224344.5,10.0,1
CUST_685711EE,1244465.43,317277.54,,0
CUST_B42A4D26,1546903.46,597796.94,5.0,1
CUST_6A9CFE86,404627.93,107769.46,,0
CUST_1E3E38DD,1487755.55,474384.08,,0
CUST_CBE8BABB,1752815.17,417584.95,9.0,1
CUST_149DF01B,369922.32,94402.84,10.0,1
CUST_7621A4FA,962019.75,271410.36,,0
CUST_17E88360,1407887.49,402717.08,,0
CUST_67B05C61,401059.94,163146.2,,0
CUST_A5F93848,1616951.56,585525.72,,0
CUST_6FBDABEA,1280196.99,455080.2,10.0,1
CUST_CB27F450,1342944.58,392512.6,,0
CUST_D88A1F49,1282642.88,318042.04,,0
CUST_C62F0E1A,819390.46,325739.48,,0
CUST_38240244,430058.06,112283.37,7.0,1
CUST_008E9BE6,384127.72,119251.91,,0
CUST_3CF21C9C,1144882.05,351661.0,,0
CUST_A82C6008,711828.35,127780.95,3.0,1
CUST_BF309D23,481305.64,171283.8,4.0,1
CUST_7D6AE44C,1349382.17,494808.17,,0
CUST_7E329053,344532.19,119079.62,,0
CUST_90159328,1701544.54,302955.11,,0
CUST_F5063674,540171.25,158111.02,,0
CUST_8479DE04,829599.33,316572.83,,0
CUST_F60A41B7,919885.53,287292.95,,0
CUST_A580F71C,761437.13,296633.55,,0
CUST_38CA7CB0,1709085.45,709367.35,,0
CUST_61F5165F,878981.84,269805.74,5.0,1
CUST_F4C78338,1792378.68,486307.66,,0
CUST_466836BD,466337.63,130164.1,6.0,1
CUST_38E1406F,430882.7,117373.46,,0
CUST_55A54C10,697887.14,279780.57,,0
CUST_49429CA6,1184445.03,401654.96,,0
CUST_C946D6FB,1640259.23,631025.5,,0
CUST_D4A26883,938194.21,372215.97,7.0,1
CUST_1B473512,978156.19,296986.3,,0
CUST_390A6990,823613.55,252414.52,,0
CUST_F19C1BBC,1647373.25,597492.29,,0
CUST_12D778B9,1761539.49,637238.61,10.0,1
CUST_2DA76C4E,1163780.41,261915.75,,0
CUST_7A291007,629024.28,247983.79,10.0,1
CUST_7D55EC32,1107247.96,405976.64,,0
CUST_00985071,1728892.24,414446.21,,0
CUST_CE43C9EF,1292827.18,373383.25,,0
CUST_BF0524AF,968041.46,367926.51,,0
CUST_1B327711,1082827.96,378274.79,,0
CUST_A9C0F88E,1431441.94,381310.63,,0
CUST_FA36E19B,1072196.17,189940.37,,0
CUST_2D9F8106,1576274.79,381007.7,,0
CUST_47539D76,1372503.96,548265.72,,0
CUST_70F38C92,475384.17,143668.99,,0
CUST_55EAE170,776364.64,258031.46,7.0,1
CUST_55E31CD2,1383609.65,313968.07,,0
CUST_11AAE797,1549607.42,359630.28,,0
CUST_BA68BD23,1769713.92,592218.72,6.0,1
CUST_FD83D182,942314.25,383024.35,,0
CUST_6A868DC0,777491.4,229813.31,,0
CUST_6EB2303E,1306542.12,345164.08,,0
CUST_5D559C18,1598938.58,599320.53,,0
CUST_ACCCB928,1607686.61,468415.15,,0
CUST_2E5EB778,1099092.27,445105.53,9.0,1
CUST_97D35041,1318642.94,251461.22,10.0,1
CUST_4D5DD124,1065984.62,187708.63,9.0,1
CUST_F31B96FD,1164277.7,467532.61,,0
CUST_474485B7,325483.17,56754.91,,0
CUST_5149B795,409983.52,155056.43,3.0,1
CUST_018BEE1B,1721686.34,442830.2,6.0,1
CUST_46108339,362798.55,66588.11,,0
CUST_A664C05A,972461.9,324866.01,4.0,1
CUST_419C2635,1612726.3,605402.22,9.0,1
CUST_13840106,1277654.6,258487.35,,0
CUST_C4449E4D,1698819.22,437429.59,6.0,1
CUST_1D86AE17,1245355.6,310397.92,,0
CUST_3C2214DD,1158276.86,400877.04,,0
CUST_5FE73B5C,1292056.5,324228.45,,0
CUST_39EC0CEF,1616226.9,360608.32,,0
CUST_E5186C9F,1405794.34,390469.43,,0
CUST_0236BFCF,1253223.89,397673.59,,0
CUST_8383B11F,1291060.46,390139.6,,0
CUST_9AB663F6,1760193.79,420139.66,,0
CUST_2742FC63,1327507.77,520099.73,,0
CUST_3C3744C0,366796.21,138520.48,6.0,1
CUST_61ED0AE5,1580893.41,380320.63,,0
CUST_91B0A4B9,1031017.7,179683.78,,0
CUST_94F9F1ED,516588.97,103505.24,3.0,1
CUST_BE904D02,987538.32,190958.59,,0
CUST_1381CAB2,1655293.48,496023.05,,0
CUST_04750B8E,1044391.12,259685.45,,0
CUST_D45CCD7F,613308.48,119323.81,,0
CUST_83E21D1E,963582.05,400554.69,,0
CUST_427F77BF,466379.66,78339.09,,0
CUST_E35471D1,839799.7,279418.46,,0
CUST_A6394D75,1278362.87,241218.27,,0
CUST_102CCB94,1546331.99,562084.06,,0
CUST_E0F56686,1252103.41,295389.53,3.0,1
CUST_4962CA96,522516.49,179064.73,,0
CUST_0E61C53A,1507144.79,588595.9,5.0,1
CUST_0A75AAD9,630203.08,209928.59,,0
CUST_006B89E2,347588.41,123739.07,,0
CUST_68183124,749277.49,188138.34,,0
CUST_41E9AF3D,766889.38,214832.15,,0
CUST_64DE4ED7,781066.11,162864.84,,0
CUST_9D4064FC,1056171.59,410755.88,,0
CUST_D3F01FEA,1253948.08,491310.63,5.0,1
CUST_8BC0C0BD,491131.52,195581.99,,0
CUST_DE19696E,1141766.89,333162.29,8.0,1
CUST_96A959AA,371425.28,111124.44,,0
CUST_F5DFDB57,1123576.25,434940.62,,0
CUST_D8822019,558364.92,114361.17,,0
CUST_B2756127,1478545.78,280844.75,,0
CUST_A3EA3CAC,1043529.06,393486.48,,0
CUST_EB948A09,1470642.05,274607.43,3.0,1
CUST_48B2C04F,1198201.01,470410.8,,0
CUST_4B14D869,673188.8,245836.33,4.0,1
CUST_48719770,1070452.53,431454.14,,0
CUST_1205A355,1604606.44,573471.89,,0
CUST_FBEA5221,634441.22,245430.44,,0
CUST_89033120,1250868.91,227478.52,8.0,1
CUST_9A88322E,390524.66,132845.64,,0
CUST_3E39B3BD,650000.32,132991.93,,0
CUST_E4E3F502,1627663.99,664468.25,,0
CUST_16A33066,1257779.31,376785.03,,0
CUST_624D5611,1201428.53,497753.92,,0
CUST_5E476309,914165.24,320542.38,,0
CUST_CF918B15,1324655.68,550940.33,,0
CUST_D8612C11,1006951.66,396703.26,4.0,1
CUST_B36463C2,418171.81,142332.73,,0
CUST_08896BE1,1123599.5,368810.5,,0
CUST_6FB3BAAE,1418361.51,292342.64,,0
CUST_49CA5991,1573170.48,592611.58,,0
CUST_B9698172,1435595.68,453780.24,,0
CUST_4AEF1471,454093.95,171138.5,,0
CUST_286EBB75,450789.08,94195.9,,0
CUST_30338541,1307187.1,354628.57,,0
CUST_CDF91ED2,868437.61,151153.05,6.0,1
CUST_4263D9E0,1218397.99,365010.38,5.0,1
CUST_BEE112B5,1666702.62,627443.6,,0
CUST_2A735ADD,1270964.13,483390.54,,0
CUST_90BBB3AC,1793076.68,590621.09,,0
CUST_5E7A29EF,301139.51,89876.39,,0
CUST_12520EFD,1254635.2,379400.24,6.0,1
CUST_23F0A32C,1580592.0,488890.72,,0
CUST_0964882A,1235664.3,272656.92,,0
CUST_9A137149,534903.95,127591.91,,0
CUST_56A1CC60,748926.94,159453.07,,0
CUST_C8EF4FA6,1295566.38,384399.99,,0
CUST_9CAD589A,1302454.99,371418.27,8.0,1
CUST_05FC7E2D,1387450.95,245445.33,,0
CUST_DF098A8D,1524401.61,432241.79,,0
CUST_D5DC658D,1265176.12,245426.56,5.0,1
CUST_2CB6A02B,1727369.2,341166.46,9.0,1
CUST_B2311C0F,717504.73,237381.29,,0
CUST_0514A7E2,934131.46,325260.37,,0
CUST_0B72E185,697052.54,141961.71,,0
CUST_D932EB95,1360682.69,478433.68,,0
CUST_D1D08B16,1659149.19,651938.97,,0
CUST_F53D5F8C,907426.91,186417.39,,0
CUST_421BFBE5,1425259.51,437022.22,,0
CUST_B9721653,761097.0,207369.12,7.0,1
CUST_70342DC0,486359.82,128941.2,6.0,1
CUST_1B6DD824,879916.67,207129.88,,0
CUST_7481FC2E,263008.13,53870.18,,0
CUST_3A9885BF,448811.52,82318.98,,0
CUST_A232E026,1154023.49,305554.39,7.0,1
CUST_B028F596,1581975.4,372437.53,,0
CUST_DD82AA34,1403939.81,545740.82,,0
CUST_A407726A,1547819.58,579551.68,,0
CUST_9E053F37,1596385.74,465785.45,3.0,1
CUST_B79F2B01,813318.85,276058.77,,0
CUST_1B0AAB0F,538811.48,203466.79,,0
CUST_DD064B07,1623673.08,557911.62,,0
CUST_4EADAB53,1226278.62,237253.95,,0
CUST_587BBB9D,1184498.68,368436.74,4.0,1
CUST_974D0699,865871.83,235776.21,,0
CUST_9513F8B8,1491122.7,404139.81,7.0,1
CUST_7100DB46,1209433.2,354158.21,4.0,1
CUST_C8CF698E,1425220.74,491629.53,,0
CUST_3411A404,711010.47,191692.23,,0
CUST_70728F75,1302715.9,219604.76,,0
CUST_3868368E,1159606.75,211370.85,4.0,1
CUST_7CE6BEFA,735094.46,137125.98,,0
CUST_C8B49DBC,765380.75,148838.69,8.0,1
CUST_AE84B490,773750.13,303663.74,,0
CUST_DFEAF76C,266758.22,78839.28,,0
CUST_AFD4799C,659174.66,266408.33,,0
CUST_D7870399,812152.53,280117.15,,0
CUST_A5768B54,1741681.57,668019.18,,0
CUST_EE16CDFC,1007531.89,354547.77,,0
CUST_8C639493,1420599.86,585585.03,,0
CUST_7CC62D20,619005.8,118365.91,,0
CUST_8285C625,1316052.67,449577.94,,0
CUST_1457B7C5,731722.06,214547.08,8.0,1
CUST_8BB2A525,1117815.13,361586.06,,0
CUST_FC973473,757354.79,226238.63,,0
CUST_5C660A67,1536700.6,592785.96,,0
CUST_501A1589,763884.35,250254.58,,0
CUST_443A6F5D,1569462.24,317423.25,4.0,1
CUST_7B360C8B,523235.55,166760.75,,0
CUST_67D8066E,1498521.72,267827.79,,0
CUST_2D2D04D6,1092355.95,399063.37,,0
CUST_5319BFD7,790532.71,179269.75,,0
CUST_23219562,1078718.62,268988.94,,0
CUST_3CF448C6,773253.35,278086.48,,0
CUST_6736860F,1136815.88,274988.74,,0
CUST_EC9F6EC2,708393.2,135091.44,10.0,1
CUST_FDDABE8B,1402754.14,453804.56,,0
CUST_7657C43E,1118338.02,268392.23,,0
CUST_3DC09E09,327893.26,82075.22,7.0,1
CUST_79CA191C,268418.05,65298.34,,0
CUST_CE77D84D,382384.52,126074.39,,0
CUST_CF1EB628,454153.45,98771.41,,0
CUST_83B78E99,1007231.53,195910.62,,0
CUST_B25B16C6,616525.69,256081.45,,0
CUST_73725F6F,1256421.21,244048.55,,0
CUST_3CCD0034,1372276.72,555098.5,8.0,1
CUST_E3FA27DC,933898.27,237039.45,,0
CUST_28BA45B6,517319.09,210835.19,,0
CUST_5C3A9B13,436766.63,77995.07,,0
CUST_5B47DCF7,1338389.46,472297.97,,0
CUST_E424E66E,1305739.06,464569.08,,0
CUST_C8B37CB2,613064.3,177021.07,,0
CUST_6C403991,1017373.81,169741.29,,0
CUST_936D085C,743106.11,272995.83,,0
CUST_7AAE486A,1422103.61,425587.41,,0
CUST_0826AD41,1210210.22,283397.58,,0
CUST_F6C36C2B,1749738.81,628364.94,6.0,1
CUST_0350CD69,1277922.64,323967.53,,0
CUST_926C9135,539338.97,168163.05,,0
CUST_CA37BBB8,631207.98,218769.18,,0
CUST_891345FC,1151404.18,426252.68,,0
CUST_AE10D4BA,1752307.9,339752.11,,0
CUST_9DF45CEA,1128150.0,283616.1,,0
CUST_E2E1B352,240330.62,85025.15,,0
CUST_FFE19C03,1740349.12,431313.66,,0
CUST_BC026647,1391459.96,323688.46,,0
CUST_9B04C47A,924917.56,244330.28,,0
CUST_4857B126,1357153.32,551174.11,,0
CUST_E5A583BD,1597005.97,568380.43,,0
CUST_0113E08E,1579123.01,503354.77,,0
CUST_CB6FCB19,1768160.61,560532.65,,0
CUST_EE5BE3ED,603787.37,211782.03,,0
CUST_6E155448,1133511.34,229695.99,,0
CUST_BBA33AA0,1036229.4,307454.66,,0
CUST_98BC8904,673273.98,175599.8,,0
CUST_5F68BC49,1073836.27,241667.7,,0
CUST_555FC273,409120.72,152713.8,,0
CUST_078E08F3,1465787.37,316623.25,10.0,1
CUST_319A711A,1536739.45,274731.07,,0
CUST_7E236C52,859547.87,337824.6,,0
CUST_BB91690F,999747.94,244225.79,,0
CUST_4C0CFBC4,1703952.78,326886.31,3.0,1
CUST_02121270,508581.1,120787.59,,0
CUST_7E0FBE31,645860.82,113375.49,,0
CUST_DC873FEA,1086975.15,226477.09,,0
CUST_A91B6762,913881.4,162984.85,,0
CUST_0D3E2A97,639239.1,175144.92,,0
CUST_52EB5491,836524.04,342652.04,,0
CUST_59F64EA8,835831.15,145395.73,,0
CUST_CB40D38A,1044006.71,288957.15,6.0,1
CUST_EDD6978D,849316.5,240715.87,,0
CUST_8F6CDE50,998233.43,289165.81,,0
CUST_26E22216,1197413.13,436333.69,,0
CUST_CC4C7D3F,265564.92,54574.41,,0
CUST_7F259EEB,1068013.15,260598.87,,0
CUST_9F497CB7,543564.91,130878.5,,0
CUST_44B5E866,898232.68,223288.64,,0
CUST_837DEC6E,943123.6,185456.64,,0
CUST_7C35C5D9,1799239.65,499147.92,,0
CUST_6A45F8FB,1245429.79,334697.77,,0
CUST_22833A37,823797.44,301096.03,,0
CUST_894446BC,280540.13,61086.35,7.0,1
CUST_43D98146,542079.03,223406.42,,0
CUST_287C7DA2,895049.24,332732.83,9.0,1
CUST_5A60CA48,711075.33,267872.46,,0
CUST_58BD6BA6,483221.58,114986.44,,0
CUST_02839B73,884648.25,350794.23,,0
CUST_CF8960DE,1453175.64,448345.29,,0
CUST_9AC9DDAC,1503195.0,469669.48,,0
CUST_B025F2C5,1683028.16,673281.79,,0
CUST_8F26F905,918703.87,231176.71,,0
CUST_DFF479FF,1758269.57,450064.81,10.0,1
CUST_FA1BB4EB,245130.34,41561.57,10.0,1
CUST_775CC555,1421542.28,557046.26,,0
CUST_252444ED,975901.6,267783.75,,0
CUST_D9727A1B,289508.42,80448.28,,0
CUST_E39A69CA,1187813.66,492128.08,10.0,1
CUST_BFA77AEA,1426621.81,461512.81,,0
CUST_B4F903BF,1375558.53,482993.38,,0
CUST_90445A1A,1480584.24,551998.25,,0
CUST_612D1A07,698151.75,195882.4,,0
CUST_DCCD9484,1286788.69,484548.74,,0
CUST_0B4C40A9,1380787.11,394709.0,10.0,1
CUST_3422A4DB,1038555.97,374936.02,,0
CUST_F632049B,1222286.66,398643.07,,0
CUST_879A851F,1043947.72,432015.37,7.0,1
CUST_8DDF1DF9,378933.67,67868.45,,0
CUST_817F7B18,1308779.37,392797.61,,0
CUST_1CC83DD2,785965.36,318414.37,,0
CUST_F1F06CEA,474801.37,140141.99,,0
CUST_78238D70,1684319.61,500859.51,,0
CUST_6204E427,1198241.22,407804.58,,0
CUST_E349D65F,1302967.72,279135.4,,0
CUST_2C5CDBBD,1750878.71,480891.36,,0
CUST_67993429,525609.4,207031.49,,0
CUST_776E691E,1586256.74,657434.97,5.0,1
CUST_5B5B70F8,1642800.88,386161.0,,0
CUST_3420A5E1,583963.81,162146.44,,0
CUST_1C1EC5ED,1437326.27,592438.33,,0
CUST_1DD337E6,1663153.85,343754.57,,0
CUST_929CC8BD,902535.41,253028.16,,0
CUST_C74F8FC0,1536719.61,425396.6,,0
CUST_1CA5CA36,1467837.54,424810.04,,0
CUST_9BB7963F,932106.22,283419.51,,0
CUST_6B38699D,651699.58,132486.18,,0
CUST_E9DD00F3,997568.93,303895.5,7.0,1
CUST_C2DA65E4,1029260.59,376518.74,,0
CUST_16E30739,1038126.96,313097.93,,0
CUST_AD4A71D8,1397343.48,440588.81,,0
CUST_DDD889DC,658959.76,261325.35,,0
CUST_70DFEE7B,1764110.27,451714.95,8.0,1
CUST_38F37EE2,1459972.66,470025.78,7.0,1
CUST_7E868EEA,1067902.56,412771.63,,0
CUST_7F7F4DF6,1087633.53,449914.8,9.0,1
CUST_98241C5A,1663566.86,511029.01,,0
CUST_AE151799,1594024.55,338989.35,,0
CUST_0251C951,614758.47,121817.32,7.0,1
CUST_0D6A3B82,1646988.73,378079.59,10.0,1
CUST_668EE430,341397.42,85375.24,,0
CUST_2429033A,1225542.66,212487.56,,0
CUST_BFB82B97,511574.66,146168.05,,0
CUST_3FF5C22F,647317.58,139881.05,,0
CUST_BED8564C,655416.66,169847.26,,0
CUST_61265CA4,901160.92,207632.65,,0
CUST_ADA4BEC1,1287627.13,326253.15,,0
CUST_7B53CCCC,347577.91,89504.0,,0
CUST_BD0B3475,481749.0,159961.18,,0
CUST_4ED9638D,971322.19,364136.64,7.0,1
CUST_C9697EA6,485761.11,139784.08,,0
CUST_C2CD4E86,1737305.88,380778.05,,0
CUST_D2E210A0,774358.93,170786.36,5.0,1
CUST_34011C06,1181046.22,470204.89,7.0,1
CUST_09BF653D,1461348.17,597673.88,,0
CUST_1A249DD8,973801.81,292493.01,10.0,1
CUST_B6A6F28A,323523.59,78675.74,,0
CUST_EB51D6FC,263351.67,106924.46,,0
CUST_94E21569,1464807.38,343971.18,,0
CUST_87DDCF45,1341367.38,399226.45,,0
CUST_DBA4B9D4,1326983.7,387573.76,,0
CUST_F86DAF0F,550513.21,184559.98,,0
CUST_9BFBC952,359424.63,123390.34,8.0,1
CUST_2CE936F0,536206.51,130514.51,,0
CUST_B116C696,1394365.67,404102.46,10.0,1
CUST_18C863D4,1488768.79,381025.52,,0
CUST_1F9F69AB,1712717.0,522230.58,10.0,1
CUST_E525540A,957976.82,208742.47,,0
CUST_8E59E5D2,1212419.52,368422.76,,0
CUST_D95F6604,1273000.09,511949.67,,0
CUST_055B504C,1566600.85,452620.99,6.0,1
CUST_BB183674,962789.92,324423.39,6.0,1
CUST_1B455279,1460029.53,473802.76,6.0,1
CUST_1F9CA8AE,1694585.62,567406.71,,0
CUST_D58C99EA,1233889.02,262991.27,,0
CUST_7D024226,1112152.21,249652.34,,0
CUST_0E36A1A2,962760.02,380267.59,,0
CUST_2D3ECB6B,419518.02,164060.24,,0
CUST_7A0CABAE,1640793.34,683593.35,10.0,1
CUST_EC667412,1288073.02,440502.63,,0
CUST_3622059A,1771147.14,701444.1,,0
CUST_A3C9A39A,1412656.2,570141.31,4.0,1
CUST_1FACF898,640780.01,116120.65,,0
CUST_89BDBE73,687686.05,256237.37,4.0,1
CUST_B05C5B31,1751077.53,610089.76,,0
CUST_0F910798,1514165.14,364380.32,,0
CUST_F0460CB3,1203433.64,473268.4,,0
CUST_02797DCC,1457180.31,494462.31,,0
CUST_37AE6769,1690446.07,545917.09,,0
CUST_24740475,650556.76,185976.09,,0
CUST_EFE0CACC,668017.3,242178.11,,0
CUST_75538AE4,412186.54,167966.48,,0
CUST_07768E41,365210.87,80326.07,4.0,1
CUST_F5E0FFB7,265430.75,64603.56,,0
CUST_572A30F1,274405.73,79682.48,,0
CUST_58EAC0FD,1567536.08,292968.06,,0
CUST_E54D3FFF,458160.73,180918.59,,0
CUST_5F64CA4C,975137.06,309330.41,,0
CUST_3C7345E4,1654912.01,346023.09,,0
CUST_3249D49D,1393622.77,272343.98,,0
CUST_59E84E71,1111911.47,395833.94,9.0,1
CUST_24F60024,1181295.67,365818.09,,0
CUST_8F551229,436401.32,79363.74,,0
CUST_AD897B7E,1775343.7,599086.78,5.0,1
CUST_BAAD471E,1078871.75,447103.03,,0
CUST_9595BA2F,1271649.42,465751.25,,0
CUST_96F0636A,870935.32,240464.84,5.0,1
CUST_EC538E22,855194.12,274011.92,,0
CUST_65884D9C,277513.99,79631.14,,0
CUST_02AD6925,1473531.21,353029.47,,0
CUST_C38D6F9D,1530731.14,507071.11,,0
CUST_4284BE19,900900.71,322622.23,,0
CUST_610E5E2E,1178869.15,332776.14,,0
CUST_87214D72,603656.86,220509.71,,0
CUST_4C6D14CB,1765362.24,733336.79,8.0,1
CUST_C30D40B1,395510.96,161438.88,,0
CUST_37B49944,696656.95,277540.16,10.0,1
CUST_26E27D32,1559501.81,375986.88,,0
CUST_192311AC,939922.53,256569.49,,0
CUST_EB4F9660,824247.68,255296.52,,0
CUST_4C22D98F,1087540.6,296330.04,,0
CUST_6C848234,1345254.22,289675.46,,0
CUST_9381598B,1739487.34,578455.64,,0
CUST_84943551,1512792.54,505820.05,,0
CUST_5B51EC35,1402371.78,450024.6,,0
CUST_ED82E002,723771.11,229013.57,,0
CUST_30531A19,1387689.14,242597.3,4.0,1
CUST_96334997,839568.46,253691.0,,0
CUST_A6013C68,1779250.53,647605.24,,0
CUST_D334EE45,1260764.42,247815.7,,0
CUST_85DDAF4D,243209.51,68134.38,6.0,1
CUST_103E28E7,562267.16,116572.26,,0
CUST_6A40689E,1169434.68,225045.45,,0
CUST_4A3CF468,1302969.71,356536.7,8.0,1
CUST_D15EAEDA,1354894.94,438383.14,,0
CUST_4C810FE8,768477.35,278207.65,,0
CUST_E51867E5,1492508.61,340245.5,6.0,1
CUST_A4D27A2B,1717026.82,349183.55,,0
CUST_7653E25F,981224.15,273291.73,,0
CUST_5009468F,868853.07,306078.54,9.0,1
CUST_788C4692,741662.52,130237.33,,0
CUST_074FC8F3,1028786.47,393226.84,6.0,1
CUST_3FAE1E07,1343910.33,321477.31,,0
CUST_BFD22FFC,1124941.02,295175.57,9.0,1
CUST_9BC3872A,1572184.9,628948.96,,0
CUST_EEF5189C,306655.41,79086.37,,0
CUST_9C8DDDBE,1155132.12,449647.59,,0
CUST_D3829A9D,1002748.67,413847.11,,0
CUST_0F7EBD3A,289514.21,116772.98,,0
CUST_837AF184,856565.76,293206.98,9.0,1
CUST_C6EF67FF,794885.95,273659.04,,0
CUST_994585D4,619326.95,149777.72,,0
CUST_77B7F7F1,969913.8,250911.46,,0
CUST_59D61D0F,1031466.04,287093.99,,0
CUST_2E582951,1374814.05,365252.96,,0
CUST_AE55590A,488984.9,158554.09,6.0,1
CUST_AB688669,1331472.3,304514.59,,0
CUST_7DC16F40,1431300.75,424075.73,,0
CUST_105EDFFF,1506451.99,402826.05,,0
CUST_B0820DF9,669132.49,208895.37,,0
CUST_8E08AE6A,1496519.98,572509.31,,0
CUST_D66E8B45,1791256.23,571653.52,,0
CUST_511C29B7,936042.94,169964.3,,0
CUST_58EB6879,1052646.06,242237.52,,0
CUST_4F432862,1682761.21,407962.81,,0
CUST_450A6394,896247.02,249010.55,,0
CUST_ABDBD3C9,882457.28,328188.21,,0
CUST_18D7053C,250549.93,58983.06,3.0,1
CUST_77305783,1762976.45,316044.88,,0
CUST_17AD0182,1148403.73,418318.7,,0
CUST_21AE04B3,1673643.1,394548.95,,0
CUST_A58A3671,304512.19,81879.46,9.0,1
CUST_BCC4E5FC,744567.37,173942.59,,0
CUST_FC0960F3,1428645.32,395916.01,,0
CUST_6A341D7C,1602615.01,604046.85,,0
CUST_9E35D1AF,1247875.45,301228.72,,0
CUST_F4623E75,1601917.06,486764.55,4.0,1
CUST_1C95C09F,1106132.65,323297.66,,0
CUST_77EBE8C6,962558.33,222371.22,10.0,1
CUST_B9704A1E,1086182.23,402155.62,,0
CUST_90F45448,1173131.19,300222.41,,0
CUST_2DE8B30D,551277.5,152569.95,,0
CUST_A8022A05,240981.59,61159.56,,0
CUST_76ACEF0E,1735419.42,531449.56,,0
CUST_6CC943A7,556830.85,146670.89,,0
CUST_FE714A6B,1717951.19,544185.63,,0
CUST_4BEBD01A,1625901.7,407084.16,,0
CUST_FAC2A1E7,1132250.03,467343.61,,0
CUST_20B15F9E,315815.11,53554.89,,0
CUST_F18847A9,601644.78,208599.07,7.0,1
CUST_ADC1E105,370701.67,81973.82,,0
CUST_574957B4,1459545.11,381554.52,6.0,1
CUST_82716C1C,1307189.18,281251.51,9.0,1
CUST_B0A8EC29,615535.0,167319.95,,0
CUST_6D04E95F,638516.25,155451.12,6.0,1
CUST_D37BA9CB,1169762.91,483862.82,,0
CUST_14A02DF4,1521085.07,277703.87,,0
CUST_96008714,1484346.37,294096.98,3.0,1
CUST_9083152E,1214007.72,322398.72,,0
CUST_900BDB8F,765187.52,301709.44,,0
CUST_A624C1FE,896779.41,324586.18,,0
CUST_08A5D2F8,464322.13,185853.84,,0
CUST_4E1A28BE,959314.93,399275.5,,0
CUST_879B7CCB,1621335.35,334945.61,,0
CUST_3066C22C,582464.12,210046.66,,0
CUST_7F9391CA,736179.6,203909.61,,0
CUST_914C6AD6,790556.54,289001.14,5.0,1
CUST_DE2650E1,782646.57,143249.5,,0
CUST_64D73DBB,1356696.04,257466.04,8.0,1
CUST_B299419B,1615592.19,661533.07,8.0,1
CUST_B806AFAA,1303878.57,256050.43,,0
CUST_16661A75,603987.67,199480.76,,0
CUST_348C2027,1151065.55,297208.22,,0
CUST_E8639ED2,1287281.13,398515.39,8.0,1
CUST_02B56218,999831.32,274843.94,,0
CUST_2CDE3692,578162.49,129876.56,4.0,1
CUST_8920F1F5,460787.95,103414.48,,0
CUST_E730AF27,1186449.48,486914.07,,0
CUST_1645B97B,1721140.96,336982.22,,0
CUST_6765F32C,1752396.56,710268.94,4.0,1
CUST_9FEF17F2,1294646.97,507298.92,,0
CUST_1700CDB2,801720.84,317373.21,,0
CUST_998F7DA0,582119.75,112523.98,10.0,1
CUST_C871B9DD,739529.28,165441.73,,0
CUST_E9AC5042,699122.75,174366.71,,0
CUST_E2693D84,907651.13,152439.51,7.0,1
CUST_AC9D5EAA,1581790.15,461110.91,,0
CUST_BF0754FE,1660742.52,453302.64,,0
CUST_583F7EA5,961393.34,352410.12,,0
CUST_A67F9671,1399307.56,270469.15,,0
CUST_69713297,1706234.63,401551.23,,0
CUST_E63519A6,1225127.33,337511.06,,0
CUST_E3EA7DA4,1179513.58,334364.49,,0
CUST_BE27C964,1753382.65,470644.9,,0
CUST_A2BB79D2,1481116.67,457359.58,,0
CUST_4DE35B14,960375.42,340421.47,,0
CUST_6600E23C,243167.41,67414.48,,0
CUST_769C7A0E,1725673.63,293162.16,,0
CUST_39170B01,914361.15,257674.03,10.0,1
CUST_B94BBA6D,845836.41,200454.56,,0
CUST_7F85CC51,817454.27,292943.62,4.0,1
CUST_DCE7D428,1614166.14,447319.74,,0
CUST_82A35557,402378.93,136645.33,,0
CUST_76DCEFBF,962883.09,366117.94,,0
CUST_8E9A18B0,606469.87,135699.71,,0
CUST_6FF565EA,1771154.76,693785.43,,0
CUST_81138A9F,1557643.86,497526.39,,0
CUST_2CA0AF6C,1516561.51,324175.21,9.0,1
CUST_2F75106C,241745.03,50872.89,10.0,1
CUST_CB2D8241,1117205.76,352708.71,,0
CUST_C0C71201,1164751.19,483622.34,,0
CUST_939A1056,1428590.77,421931.06,,0
CUST_81F0E527,1538236.42,286230.78,,0
CUST_B22384E1,1359492.8,505865.06,,0
CUST_1D90FBC0,1009535.42,414759.03,,0
CUST_32DC310B,472908.26,155947.59,,0
CUST_AB30E7E7,1423296.59,464411.38,,0
CUST_D8FF9928,1618201.48,334905.96,,0
CUST_06680C1E,1736964.43,408298.09,,0
CUST_7E821BB1,1592911.38,541852.79,,0
CUST_42C2272D,1377577.82,477333.36,,0
CUST_73012416,694026.6,251364.52,,0
CUST_DFDC7D7E,531890.86,202982.81,,0
CUST_211728DF,1558876.72,338133.89,,0
CUST_4028DD94,920854.56,213240.89,,0
CUST_EBD89489,1298604.78,433253.03,,0
CUST_8F6AFCBE,1399789.63,392390.72,,0
CUST_183DFA36,405427.1,122224.35,,0
CUST_653CFD2D,1259722.84,335504.48,,0
CUST_2B73AAB3,1265553.06,254513.36,,0
CUST_469040F3,1347710.31,533720.37,,0
CUST_B6866DFF,462651.25,163796.59,,0
CUST_C669DE45,282561.37,115395.03,,0
CUST_BEF469A6,780967.47,189627.2,5.0,1
CUST_CF6AA8E0,1594034.23,360954.65,,0
CUST_B2F66F19,1649914.99,341859.76,,0
CUST_A039D758,560071.96,116387.59,8.0,1
CUST_CB390A10,383008.87,121128.89,,0
CUST_3529B7B8,1748590.28,337941.82,,0
CUST_C60CD2F0,1237287.6,502674.95,,0
CUST_1F5CDC9F,850553.9,148567.79,,0
CUST_5FB2EF75,1739441.46,373440.55,,0
CUST_35091EE5,404752.8,111393.1,,0
CUST_DA8FA4D0,396342.48,83963.71,,0
CUST_3733D47F,418993.03,157707.14,,0
CUST_C08BCDF1,529413.88,217420.58,3.0,1
CUST_1EAA2A95,568489.74,202109.5,,0
CUST_547EBBAC,1102693.02,383739.09,,0
CUST_190A7D74,1642643.79,299533.32,,0
CUST_DEA5E4F6,1258391.45,386883.53,,0
CUST_62F6E431,1490689.92,321919.65,5.0,1
CUST_B448D0E1,1775056.35,542365.32,4.0,1
CUST_4C1BBC03,1467063.48,461995.56,,0
CUST_B6346127,1075236.57,205000.74,,0
CUST_7A7D80F2,1399426.6,466042.01,,0
CUST_8321FEFB,1592649.75,499360.8,,0
CUST_16A973D6,330741.12,123236.93,,0
CUST_22DD9924,1136195.41,219578.57,,0
CUST_2BEA8B0E,897626.78,284219.78,,0
CUST_BCAEB85C,710173.0,232206.39,,0
CUST_ADB96065,867649.47,206901.62,,0
CUST_E05D6526,386598.33,153203.53,,0
CUST_26EBAC18,1491710.07,515420.97,,0
CUST_9C8EE1C5,249048.68,72117.71,,0
CUST_2F149B0A,688397.81,118288.89,,0
CUST_99377278,1574535.88,440309.45,,0
CUST_72941679,1187634.22,467281.56,,0
CUST_DD89A2CE,1547424.67,406178.14,,0
CUST_61ED13E3,991471.53,244762.74,8.0,1
CUST_35461593,958631.37,253027.98,,0
CUST_2F4FCCC3,870673.98,251434.66,,0
CUST_664FEBB0,711623.6,213161.44,,0
CUST_24DC9E4B,1249647.54,296484.16,,0
CUST_933EF808,1706579.26,617118.49,,0
CUST_D5F63A4D,1060633.15,308936.58,6.0,1
CUST_8E6980C8,1317025.49,415775.64,,0
CUST_51F84661,1057201.42,288066.02,6.0,1
CUST_7EA50BBC,1417473.45,393305.49,,0
CUST_2381B226,539214.14,212098.44,3.0,1
CUST_FD2125F7,395733.9,152706.72,,0
CUST_C49E5CED,979757.89,280541.22,,0
CUST_801EC755,470452.61,111613.62,8.0,1
CUST_48EBA8C9,721175.02,123440.55,,0
CUST_454D2B07,1397975.46,286549.06,,0
CUST_109D510B,1039861.22,394304.09,9.0,1
CUST_6B401081,1148288.29,386701.15,,0
CUST_1623671E,1753617.31,482107.69,,0
CUST_491263A2,1220375.2,305589.14,,0
CUST_B198CE0E,1608228.76,472756.96,,0
CUST_B060DDF9,575196.86,103002.43,,0
CUST_D5B5BCA1,650690.49,186986.78,,0
CUST_80293E7D,1730778.62,521213.06,,0
CUST_A8B91FE7,548132.07,112142.28,,0
CUST_C1A16C67,928566.73,283037.03,9.0,1
CUST_86B88A1B,1050624.42,194123.98,,0
CUST_0019ADDE,1269670.84,388862.5,7.0,1
CUST_B05489D9,1324785.33,364144.85,,0
CUST_BB5D4FD4,385569.07,137082.28,,0
CUST_19CA4B25,938861.28,333965.71,,0
CUST_1BAC24B2,627237.2,146903.56,,0
CUST_C195FFB2,804966.28,295440.37,,0
CUST_59DF7444,1365961.15,458607.66,,0
CUST_B126D172,1228710.28,429992.18,6.0,1
CUST_181FC4CA,383026.38,124577.22,,0
CUST_B85AA78C,947897.72,327178.37,,0
CUST_72B9C38D,1771950.01,544922.35,,0
CUST_B266FCB8,1229340.63,253877.19,10.0,1
CUST_2721C854,1662232.02,605771.71,,0
CUST_8C91B81F,1773987.57,302506.08,,0
CUST_4EA9E31F,819735.06,171072.68,,0
CUST_F110F200,588832.44,231415.26,,0
CUST_658BCFD3,401063.28,97137.78,,0
CUST_71A61226,1378097.99,459932.02,,0
CUST_710587F6,1536543.67,287309.64,,0
CUST_4D4329CE,1188559.25,319886.94,6.0,1
CUST_5EC6DB91,1370192.61,357486.17,,0
CUST_24729275,612437.09,186530.85,9.0,1
CUST_01771622,477623.0,109196.41,,0
CUST_E43A8B33,1375960.06,263632.22,,0
CUST_6BF505BF,427019.6,147413.93,8.0,1
CUST_AB7448D2,1352027.36,277063.29,,0
CUST_44DE9D77,829768.18,277379.03,4.0,1
CUST_CC290407,713577.84,153133.6,,0
CUST_5524B88E,1705178.66,618715.33,,0
CUST_D3E6B64A,523744.27,94351.13,,0
CUST_2CF2ED07,1417035.98,499858.13,,0
CUST_9162BC42,326036.59,133507.78,,0
CUST_3785D7FC,474309.73,84537.6,7.0,1
CUST_A3D217EE,1671635.36,491127.68,3.0,1
CUST_D9973350,1310899.03,302815.42,,0
CUST_6BBA13E1,1331954.76,348120.78,,0
CUST_A2895FDF,689671.56,184613.61,,0
CUST_E4FBCCB6,1666500.46,359906.78,,0
CUST_5232ED3D,958720.35,204179.54,3.0,1
CUST_26BA45F4,1623942.79,542510.54,,0
CUST_D7242227,243076.39,66210.89,3.0,1
CUST_086CBB58,1174440.54,420444.97,,0
CUST_9040FE7F,1450851.16,554007.71,,0
CUST_8492F2F0,1511835.71,347413.45,,0
CUST_F6B39412,1525715.6,550877.77,,0
CUST_8D3B378A,1407494.84,387825.08,5.0,1
CUST_CE4EA565,554233.19,129038.04,,0
CUST_457F11B1,1003267.36,305010.35,,0
CUST_5CC272EF,1116901.71,461167.71,,0
CUST_80550B5D,733184.7,218219.8,,0
CUST_86AC8C43,1066531.23,231545.62,,0
CUST_61D98BA1,1448470.79,493524.62,9.0,1
CUST_ECBE6A06,410034.85,112202.77,,0
CUST_0EEFA427,579651.06,131668.69,6.0,1
CUST_20559C85,363360.84,109194.53,3.0,1
CUST_0B7D8736,978982.69,321853.95,4.0,1
CUST_1D079A1A,591257.38,144115.38,,0
CUST_4D70B206,1183136.72,206506.77,6.0,1
CUST_7E63D4D2,673243.88,232757.46,,0
CUST_81B3BB9A,278437.54,87795.73,,0
CUST_9532AF50,404553.2,143611.59,7.0,1
CUST_C0A366AF,1470179.31,483449.83,,0
CUST_3664345F,1351489.64,348514.87,,0
CUST_99CB8C60,1564627.99,548837.97,9.0,1
CUST_46B76645,1255377.6,240426.0,,0
CUST_BEBE6168,665912.95,150256.16,,0
CUST_09DB29E7,301492.29,64143.6,,0
CUST_5A7C6291,593612.15,146693.48,,0
CUST_FB6D5DBA,1119831.42,391149.75,,0
CUST_E0AB2223,254347.15,60873.56,,0
CUST_97EDBD00,395189.02,149316.55,,0
CUST_938B8427,263549.75,81356.03,5.0,1
CUST_96132E43,1091075.23,266156.61,,0
CUST_3532F2C7,392957.35,153129.23,,0
CUST_D052549B,878656.18,365815.21,,0
CUST_3DC47528,345586.47,76015.66,,0
CUST_647DAFD5,489341.69,175429.5,,0
CUST_79516A8A,825432.39,318810.46,9.0,1
CUST_007D965F,1182189.75,325616.95,8.0,1
CUST_B902D67B,272807.13,47002.36,,0
CUST_A8B62ADF,1474437.08,295028.11,,0
CUST_C94EA8AC,589232.17,203238.31,,0
CUST_2D98A416,572183.2,161260.94,,0
CUST_A30E8E4B,1139546.96,332124.64,7.0,1
CUST_5F4B3D90,259398.18,44500.83,,0
CUST_72D866A2,821739.4,261025.65,,0
CUST_AF3D86EC,758083.72,151060.1,,0
CUST_C80854DF,1578150.74,388773.74,,0
CUST_90B5E3D8,1191915.55,383881.15,,0
CUST_772AD8AE,836050.74,229015.93,,0
CUST_AC282855,424921.73,71160.21,,0
CUST_75278343,1739867.26,509235.02,,0
CUST_A7333A53,846899.57,258828.07,,0
CUST_EE919544,1142969.63,238066.41,,0
CUST_7285BD92,1030350.53,299261.21,,0
CUST_57FAA554,1621683.7,360536.9,,0
CUST_815C05C5,674135.43,208084.02,,0
CUST_207910BF,1038503.09,225910.27,,0
CUST_3FF8E466,1520307.15,523947.13,,0
CUST_253D828B,280846.97,104781.99,6.0,1
CUST_F8D511C5,1559384.76,551453.79,,0
CUST_BCCB2D6F,683305.75,234043.05,,0
CUST_FA2EF41D,1781718.75,444878.77,,0
CUST_AECB6F7C,1089520.36,335556.44,5.0,1
CUST_493660CF,509086.67,145711.79,,0
CUST_C9B2FBDC,1771221.18,431619.62,,0
CUST_2B287BE3,1234026.68,282005.5,5.0,1
CUST_D5551839,1338947.24,335178.77,,0
CUST_8052F48E,1017646.04,377287.57,6.0,1
CUST_AA3F742E,567814.44,139794.12,,0
CUST_F0EBAC7B,1351641.9,478239.39,4.0,1
CUST_189C81E9,935319.88,289109.02,,0
CUST_ECCABB28,1740436.18,305390.31,7.0,1
CUST_4C63CDDF,476223.25,176275.24,,0
CUST_DB22D58E,817706.89,257250.63,,0
CUST_75655D2B,488892.3,203509.2,,0
CUST_765A2E7C,405195.0,148539.31,,0
CUST_000850F2,573642.0,102124.75,8.0,1
CUST_BA59277A,636269.8,179368.42,,0
CUST_EB5AE235,1621984.8,673697.19,,0
CUST_D522359E,1226869.52,438824.16,5.0,1
CUST_89B36922,1370302.24,532959.38,,0
CUST_B7027B69,1519621.4,549289.41,,0
CUST_8E2AE1FB,1244616.41,404371.99,9.0,1
CUST_B76C81E9,1721885.13,536131.92,,0
CUST_11B427AE,534104.81,94611.62,,0
CUST_26D96726,1045327.99,213714.66,,0
CUST_5BE4C91A,795630.59,189123.19,,0
CUST_6C363A7C,997648.91,307556.86,,0
CUST_FDE29132,840958.49,347024.0,,0
CUST_3BDCB0BA,694609.49,269234.43,,0
CUST_3CB76CFE,1717266.89,430662.22,,0
CUST_4585A73B,1249300.12,259965.85,,0
CUST_BDBE948D,430275.17,144337.99,3.0,1
CUST_EBA2767E,1087715.15,453061.46,,0
CUST_685383C9,500680.93,196172.72,9.0,1
CUST_EEE0788C,468450.2,101460.47,,0
CUST_6C791DA0,1372234.07,395982.75,,0
CUST_19E38F3A,641010.35,182159.11,10.0,1
CUST_402EC64C,1150514.06,293717.58,6.0,1
CUST_1F6514D8,393248.73,115471.97,6.0,1
CUST_3B775952,1209917.38,332761.96,,0
CUST_B277BE18,1599735.53,281752.55,,0
CUST_BC339E7D,1607423.81,432071.63,,0
CUST_329FD7F1,1660287.74,657498.82,,0
CUST_36CBC67F,840997.42,192300.96,,0
CUST_8EB1C6CE,736607.73,302057.26,,0
CUST_0FBDD342,1549914.58,532719.24,3.0,1
CUST_20E871C6,489811.3,190961.23,,0
CUST_560A72FB,1535736.29,296668.24,,0
CUST_7502349B,1454879.07,605554.09,,0
CUST_B507ACF6,618022.68,210620.01,5.0,1
CUST_01F22E5C,768616.63,258866.78,,0
CUST_D9E3855C,917591.48,250828.06,7.0,1
CUST_F23E517C,340579.44,71111.21,,0
CUST_3D20659C,622953.04,241289.23,,0
CUST_E8EB89C9,658049.17,170736.52,,0
CUST_5019118B,758314.42,239326.99,,0
CUST_875EB63C,1731507.64,578903.52,7.0,1
CUST_0BCB62CF,1504447.83,417990.59,8.0,1
CUST_85BB59E2,1276599.58,522195.14,,0
CUST_B1D4BF41,1711923.71,338854.73,10.0,1
CUST_9DA5CD02,1670476.36,656093.05,,0
CUST_19E7B068,313253.77,127715.76,,0
CUST_E9165885,1501988.17,451896.2,,0
CUST_CA00E710,301085.87,71572.88,,0
CUST_7C5AAF50,1572174.67,620950.48,,0
CUST_0D720394,850382.97,178388.79,,0
CUST_6BBB5A68,1300423.97,261349.86,,0
CUST_0EA3DD0D,1740346.2,705931.27,,0
CUST_938B7B79,469143.38,188304.53,8.0,1
CUST_6B5DCAC0,1710064.82,605733.27,,0
CUST_4A6ADCF1,930812.72,306326.81,,0
CUST_30E6270D,1358966.63,421381.91,,0
CUST_33FAB4D9,1228045.65,327578.68,,0
CUST_57C4F907,1093031.36,280310.09,,0
CUST_FA15B27C,569825.69,115631.11,,0
CUST_8A5AC4D1,404756.0,93570.1,4.0,1
CUST_20F96D42,1054985.38,299157.05,3.0,1
CUST_DAEAC3FE,1441205.42,516837.67,,0
CUST_73AE083E,347912.64,113103.38,,0
CUST_B828CB6B,1587124.96,606901.23,4.0,1
CUST_1C72359C,1021007.94,225245.55,,0
CUST_98B7DF5A,590308.41,207099.29,,0
CUST_0446A314,852260.14,319266.2,,0
CUST_DE32B53C,958503.02,313220.68,,0
CUST_6C6BF00F,1344667.13,317706.27,,0
CUST_5F4162DD,1762492.18,354248.47,,0
CUST_07FCBE12,1217177.12,315027.44,,0
CUST_0D9CFAAA,704974.34,139637.1,,0
CUST_847C68EC,256868.79,47536.76,,0
CUST_5149F897,1228020.05,424493.71,7.0,1
CUST_BFCA2EC3,1634344.17,534489.08,,0
CUST_6ADE56BB,1170835.04,228502.33,,0
CUST_209AFF0F,801700.45,175186.38,,0
CUST_42CA4C2B,432508.1,140939.8,10.0,1
CUST_99D69DB6,674460.58,252170.39,,0
CUST_F6888233,1440401.88,327162.52,,0
CUST_021B2B1B,1501823.32,453075.07,,0
CUST_81DE8CB1,1751197.4,667114.9,,0
CUST_815FA640,876036.15,304585.63,,0
CUST_2278CB7D,1414768.52,287230.26,,0
CUST_3C078AB9,405036.96,108624.61,,0
CUST_E74DEC46,573231.33,234364.89,,0
CUST_CB2266A0,1706705.97,430872.27,7.0,1
CUST_79EA31D4,941153.55,163918.65,,0
CUST_84990050,368880.53,63163.59,,0
CUST_81340BB3,1647444.97,361900.91,5.0,1
CUST_BB67343C,1763195.59,413061.91,,0
CUST_E0D3ED03,1655732.56,433975.6,,0
CUST_24D22CB1,523270.98,128211.85,5.0,1
CUST_B7CCC158,1576894.34,536590.42,,0
CUST_A1B065B3,1422691.92,571687.42,,0
CUST_CBA747C9,524262.35,191112.79,,0
CUST_1CCC95C4,494110.53,174151.03,8.0,1
CUST_B65CA55E,898550.44,180001.31,,0
CUST_8CE5C8B2,994087.1,258820.41,,0
CUST_42AAB592,681869.74,237632.77,,0
CUST_B2D23CE8,1052284.84,434598.09,,0
CUST_4ABEFBC6,366584.28,80007.26,,0
CUST_D8C29493,1239666.86,407065.72,,0
CUST_AA673A9D,1008871.22,193612.2,,0
CUST_5908FCF5,1280807.5,467709.71,4.0,1
CUST_BF292646,1427958.38,473990.68,9.0,1
CUST_54F318F7,1568095.68,410647.47,,0
CUST_A8DB35A1,259897.1,50647.97,3.0,1
CUST_1859D21C,1182516.52,231798.61,,0
CUST_1D4B4304,766328.72,318397.96,,0
CUST_277725C4,1430805.37,417610.23,,0
CUST_44632EC7,807206.71,167099.73,,0
CUST_5D719C16,697036.45,129182.4,,0
CUST_DB2E977D,649446.74,179437.94,8.0,1
CUST_CB4B2FFC,1756283.96,624752.95,,0
CUST_43010EA5,1263849.45,355111.77,,0
CUST_32AF9450,851941.44,328053.34,,0
CUST_29434526,1180559.11,471138.81,,0
CUST_457F54FC,963130.02,387529.4,5.0,1
CUST_87B72AF2,1764175.05,411042.37,,0
CUST_8EBBF172,998149.7,382550.24,8.0,1
CUST_0367DBD6,877107.85,307222.74,,0
CUST_55678FF7,1735689.93,615821.07,,0
CUST_81C76966,421438.2,139174.73,6.0,1
CUST_5358F94C,678348.45,242618.53,7.0,1
CUST_18F15211,645820.81,257973.95,,0
CUST_EE3ECCE8,437557.86,121259.26,,0
CUST_E3CEA8DC,825496.85,166973.2,,0
CUST_0852D080,978892.55,365943.08,,0
CUST_D21E1E30,345206.82,131807.1,,0
CUST_1C9AE87C,1367486.96,456578.76,,0
CUST_FD56CE5C,1578617.18,423963.86,,0
CUST_2CB52A90,1048459.13,297334.37,,0
CUST_46A1899C,848716.31,297019.77,,0
CUST_8D620CCD,995556.54,176134.83,,0
CUST_7C4C32A9,1249354.93,427356.74,,0
CUST_B3C9F4A2,1727228.99,548637.03,6.0,1
CUST_605D2F73,1248386.95,277439.35,,0
CUST_FE84E57C,971743.92,287331.55,,0
CUST_43133604,845946.3,254820.29,,0
CUST_8EB7D3A5,1522614.59,317527.66,,0
CUST_D112CE69,999733.35,177616.85,,0
CUST_F4827685,243636.44,58268.2,4.0,1
CUST_91FC89EB,1663840.34,594445.1,,0
CUST_0D718BEB,1005679.37,254994.13,,0
CUST_1DB25791,507710.49,102019.59,5.0,1
CUST_4BB60D09,958549.0,339892.2,,0
CUST_1CF404DB,479025.3,189388.78,,0
CUST_38577FEA,554489.86,179176.02,5.0,1
CUST_8E513783,1565869.89,631501.55,,0
CUST_73F7F4FB,1657181.5,547594.01,,0
CUST_AD43BF78,993199.43,177469.5,10.0,1
CUST_9BF84305,556636.53,205032.85,,0
CUST_5F77E9F2,1315083.14,374406.44,,0
CUST_FDA356A9,418445.11,160944.72,,0
CUST_5C37564F,858528.4,340941.77,,0
CUST_062A2FFF,642112.95,143692.09,,0
CUST_7B7E5287,803485.56,291787.41,10.0,1
CUST_263ECEE6,459399.35,94064.0,,0
CUST_49552F74,851743.77,202586.12,,0
CUST_193CA760,1749810.25,699987.14,,0
CUST_32C6BBC6,623215.94,129114.05,,0
CUST_D9B6AB3E,1596767.31,642313.32,,0
CUST_7A9CCEC2,1582114.75,420023.14,,0
CUST_CD40152A,1177937.0,382228.41,,0
CUST_A58AD098,1580617.64,273199.13,,0
CUST_FFE9DBA0,1337901.64,273518.86,,0
CUST_26978EBB,1562332.45,537624.98,,0
CUST_0076AD12,1021299.0,193748.18,,0
CUST_B97E8DBA,1481499.68,370974.77,4.0,1
CUST_145C5004,1675366.05,334799.75,7.0,1
CUST_623197B8,1209729.71,487157.9,,0
CUST_C27CBD47,1056484.28,185336.76,,0
CUST_BC034D24,406049.2,118839.05,,0
CUST_ECEDC185,1292754.23,499660.3,6.0,1
CUST_127ED545,1115457.53,265982.68,,0
CUST_E6917DAA,1776525.82,418827.84,,0
CUST_410266F9,527534.04,192135.65,,0
CUST_F0F1511B,1186856.15,452398.41,6.0,1
CUST_C4B14E53,1370378.81,549053.36,,0
CUST_C3EB7F7D,1112590.19,330939.09,,0
CUST_9279203B,1547720.75,448504.48,,0
CUST_E5C4670C,666526.55,266756.34,,0
CUST_B53543E9,1049836.35,176069.35,6.0,1
CUST_74C4833B,1547071.88,443938.32,,0
CUST_CCF49C97,852081.64,260080.83,,0
CUST_E93025EC,869867.13,322010.62,4.0,1
CUST_968BF796,893411.34,223610.77,,0
CUST_98B5A496,821693.12,159569.34,,0
CUST_75CBB9F3,1191820.98,266060.28,,0
CUST_C55F2271,659559.62,128688.35,,0
CUST_60D0890E,1764882.84,582438.76,,0
CUST_F05292C6,1703305.15,596633.07,7.0,1
CUST_43540131,1285250.42,248353.56,,0
CUST_B13638E7,1408421.91,290000.1,,0
CUST_448C18BA,722509.77,292592.83,,0
CUST_B5E05107,1213024.3,309225.66,,0
CUST_41A1C216,1740185.59,575885.85,,0
CUST_C783D5F6,1241163.46,287882.71,,0
CUST_B3246817,374099.17,139214.04,,0
CUST_AF148135,1204209.78,226353.39,3.0,1
CUST_1F805F8A,1549974.97,503046.96,,0
CUST_AE83584D,893983.94,367926.67,5.0,1
CUST_829ABF8C,592419.67,194357.44,,0
CUST_41BCE47A,1585300.37,590182.46,,0
CUST_F388F7E0,801249.82,180568.1,,0
CUST_DF058089,1219137.03,488382.52,,0
CUST_78540AC9,1786487.79,540841.51,,0
CUST_1974A32E,1695534.26,472806.86,,0
CUST_A5051C9B,643388.27,208380.51,,0
CUST_9A3984BB,945233.37,185942.19,,0
CUST_0704C15A,1438176.95,378034.99,,0
CUST_45F07CC7,312596.1,112159.75,,0
CUST_51D7B7BB,643776.48,115735.4,,0
CUST_C791C6C6,1503097.52,403431.8,,0
CUST_ED40A610,1066232.82,191811.71,,0
CUST_9FD398E5,1295120.41,519438.2,8.0,1
CUST_3E6F8E3F,1438172.21,419019.93,,0
CUST_763A33F9,1170044.34,409172.11,,0
CUST_5FDED6E9,609321.7,248329.63,,0
CUST_C2016717,1555723.83,484266.38,,0
CUST_F2F8138C,1272170.94,382735.63,,0
CUST_C1798CA2,267670.74,84619.37,,0
CUST_81D0E785,1493122.23,597425.13,4.0,1
CUST_9EE27B17,1638925.48,475165.86,8.0,1
CUST_A302509C,1131147.04,399455.32,,0
CUST_CC1B5371,739980.41,148244.7,,0
CUST_6242D5FE,406351.44,72763.41,,0
CUST_0E350662,451845.12,99418.0,,0
CUST_350180A2,1240857.31,229726.09,,0
CUST_319310CF,1658870.62,668202.16,,0
CUST_B4D33725,744673.24,244169.52,,0
CUST_152495AF,1017469.06,267603.95,,0
CUST_A0919BA4,255209.29,97111.13,,0
CUST_B643F14B,1319827.17,294809.93,,0
CUST_FF09F0EF,1111087.21,367318.83,,0
CUST_4722792B,1577396.61,451284.66,,0
CUST_FF9E5807,1604171.22,381810.57,,0
CUST_408AFB3F,283191.81,70853.97,,0
CUST_67DC193C,1429231.88,323985.75,,0
CUST_2203B99D,1606340.09,527522.17,,0
CUST_6310FCFC,1593669.71,283361.99,,0
CUST_3F452572,557161.56,166112.24,4.0,1
CUST_6CFDEDA0,1627859.59,604204.0,10.0,1
CUST_21FE9C0E,705524.28,193092.92,,0
CUST_3CE2F878,685987.31,191234.17,,0
CUST_F68732EA,506858.94,144243.43,,0
CUST_B20338B4,1408995.22,512508.57,,0
CUST_90C6121A,1789394.39,554005.84,,0
CUST_3EDA7A1F,445862.5,87789.66,6.0,1
CUST_70EAD208,1704825.65,415062.92,,0
CUST_E0F8EA87,941730.24,352501.0,,0
CUST_79A72CC6,1015765.06,415869.38,,0
CUST_3D88807C,285613.17,96741.66,4.0,1
CUST_2235F85B,1512775.31,520305.62,,0
CUST_24F40819,1779081.99,324879.45,,0
CUST_9D1C07A3,588184.06,202291.77,,0
CUST_DD8DE2A6,1295407.31,424203.34,3.0,1
CUST_B4C4D376,1669123.91,543167.53,5.0,1
CUST_8BA6DF3B,1450223.27,383716.13,,0
CUST_6B908312,1482460.34,575905.56,,0
CUST_04A13FE7,761252.03,265108.38,,0
CUST_E8DD1B74,1768774.78,588231.01,7.0,1
CUST_15D60CAD,400878.39,109056.18,8.0,1
CUST_161EC78C,560190.75,231977.68,,0
CUST_DFD82171,498788.86,188464.05,,0
CUST_44A1AE83,271348.49,90870.21,7.0,1
CUST_D192AC61,713848.87,273394.34,,0
CUST_178600C4,988285.9,179252.17,,0
CUST_F4B4ED3D,1074901.1,275938.79,,0
CUST_55BDF7AA,1008575.02,275391.98,,0
CUST_9BEDC11A,1641923.6,277300.94,,0
CUST_32DE00E9,735203.54,249860.56,9.0,1
CUST_D8339911,563486.83,184733.76,10.0,1
CUST_B6D14527,1000325.89,314341.45,9.0,1
CUST_9EEA5FDD,1033905.94,355171.61,,0
CUST_D48C7130,1455902.98,421234.2,,0
CUST_5EC2D0B8,1204700.99,273654.15,,0
CUST_C315B11F,686081.78,171716.98,6.0,1
CUST_6F022B6B,920508.61,351700.26,,0
CUST_69C78186,1316181.21,236934.25,5.0,1
CUST_ED0C9FB7,1317579.87,293417.05,,0
CUST_083B323C,1039820.34,417757.17,,0
CUST_28B89B2C,1753657.3,670941.88,,0
CUST_BBFC431F,355729.08,82855.15,4.0,1
CUST_247217D8,292350.85,93088.99,,0
CUST_75C244C3,803376.18,156411.11,6.0,1
CUST_70881F4F,652819.23,170713.45,4.0,1
CUST_4B827336,1580890.6,529597.21,,0
CUST_FC9241BC,1545838.09,545673.46,5.0,1
CUST_66C9C512,1607175.95,412145.05,,0
CUST_3F7E9E27,616981.29,251315.32,,0
CUST_8678B0FB,1356317.5,564717.92,,0
CUST_09617159,341216.24,99430.33,,0
CUST_C0E2C9FB,432791.33,179274.16,,0
CUST_687DDE3D,1125264.55,249351.85,,0
CUST_A4F4253A,1424867.76,402850.09,,0
CUST_30E5BD49,663225.9,119301.55,3.0,1
CUST_30D6BE4D,1719890.9,505208.05,,0
CUST_11D38188,325827.46,108687.75,5.0,1
CUST_9E22F686,514304.99,150322.81,,0
CUST_8EE3765F,1713467.83,497315.93,9.0,1
CUST_97664D8C,272269.13,68604.51,10.0,1
CUST_2F84B021,1657139.06,371834.42,,0
CUST_AEFB19AC,803632.24,212418.74,5.0,1
CUST_312CF9DF,1375521.58,504534.9,,0
CUST_4D79497A,1478115.2,253671.15,,0
CUST_4A902873,1798973.64,647270.31,,0
CUST_4BD7A93E,254437.66,89044.94,,0
CUST_60F375BF,1455066.62,434882.14,,0
CUST_BE94787D,745577.13,223628.63,,0
CUST_C4034A04,908293.05,199252.11,3.0,1
CUST_E886765A,342108.67,129032.29,,0
CUST_DA8A3712,1586213.27,409689.17,,0
CUST_833D8B52,701705.31,149432.86,,0
CUST_6ED0D980,1479831.85,423754.19,3.0,1
CUST_7CAE3574,590364.67,102744.45,,0
CUST_057D0531,609672.79,230397.15,,0
CUST_62B90CC6,1181284.78,390686.51,,0
CUST_FEA36D79,1598552.22,440658.64,,0
CUST_19FA5A1E,296201.47,57248.13,,0
CUST_8371C02C,927361.08,386205.11,,0
CUST_24461B2E,375416.39,66081.61,,0
CUST_3338FADE,249547.6,86435.36,6.0,1
CUST_5AF92B5D,395312.52,86697.83,,0
CUST_985B4BA9,371282.17,109950.44,7.0,1
CUST_C03C8B0C,1032942.83,179853.53,,0
CUST_1A498B4D,913425.49,232942.77,,0
CUST_3A74389F,758213.23,171240.4,6.0,1
CUST_4E4941B9,1132794.43,219120.06,,0
CUST_0A6927F9,1409629.08,479979.08,,0
CUST_AD7E68DC,1131777.4,335928.98,,0
CUST_F2A691B2,569774.45,149262.61,,0
CUST_683A5145,1594880.73,536794.86,,0
CUST_012789E2,311970.4,82329.11,,0
CUST_0B5F2FEA,593584.84,123271.5,3.0,1
CUST_178774B3,1481852.52,368398.5,,0
CUST_E2CE98D4,1374637.87,350821.31,,0
CUST_D5B8B033,947049.24,199993.19,,0
CUST_D59C938A,273069.59,99852.18,,0
CUST_94A0EA3B,312105.36,74338.44,,0
CUST_38791097,556823.77,196751.57,,0
CUST_50309970,957296.08,329976.86,7.0,1
CUST_64DA82B7,559502.45,216861.99,3.0,1
CUST_15B992EC,1226113.83,401695.26,,0
CUST_E3F5E87D,891381.46,366437.55,,0
CUST_5AE20CD2,269165.43,63051.02,,0
CUST_7D65F3BF,1406491.27,266432.76,4.0,1
CUST_A7E7F14D,667843.15,209163.08,,0
CUST_AACDF387,1090222.13,383067.25,7.0,1
CUST_0716223C,1469689.3,542891.13,6.0,1
CUST_2A57CDBD,1068878.91,236694.62,,0
CUST_721FC734,798129.34,289649.21,7.0,1
CUST_BD29FDA2,1475626.73,473800.29,,0
CUST_D80C2EC7,986219.96,320265.07,,0
CUST_9D4B5FB6,698804.66,204925.39,7.0,1
CUST_EC45A96C,1307519.86,357743.37,,0
CUST_70461B91,525217.09,162928.22,8.0,1
CUST_7A7FED3E,793440.75,297688.86,,0
CUST_967EC2D6,1634051.58,438074.86,,0
CUST_11FBE956,1407712.74,538899.53,5.0,1
CUST_289FAD92,1650059.51,681871.64,,0
CUST_38C537F5,1344267.47,552275.85,4.0,1
CUST_2467C0CF,747672.19,291956.52,,0
CUST_5CA81326,751736.18,229018.59,5.0,1
CUST_70DE0D7B,1627785.94,569676.14,,0
CUST_7982331D,1561222.93,469176.83,,0
CUST_FA93744B,653746.51,180696.82,,0
CUST_85CB2761,783076.7,210527.09,,0
CUST_9A7D3610,1737402.7,654483.19,,0
CUST_E8A5422E,1593112.54,526084.3,4.0,1
CUST_29F18669,1143858.11,459382.28,3.0,1
CUST_E939A187,1783255.59,298692.76,,0
CUST_CC5FD884,1632878.98,426990.24,6.0,1
CUST_BAFD40D5,249590.82,87866.89,,0
CUST_735ED924,568425.65,231517.5,,0
CUST_C0393E2D,1680727.51,310594.0,,0
CUST_F7148DEE,1273585.19,335035.94,3.0,1
CUST_F3573303,1666025.08,500880.66,,0
CUST_4326BA32,1244913.41,323805.09,,0
CUST_ED9ED911,1332644.65,509565.91,,0
CUST_76DF860B,1794102.14,701552.86,,0
CUST_F80576D7,546880.59,167066.38,,0
CUST_93E477A8,345491.12,140052.65,,0
CUST_0C9E9B88,602043.48,181206.8,8.0,1
CUST_66AB389B,1029704.79,422470.86,,0
CUST_B54F3DD6,606293.02,236711.22,,0
CUST_87C91457,1226036.76,310194.24,,0
CUST_9B7C27E0,680555.18,152033.79,4.0,1
CUST_1C520E9D,1396603.4,286010.35,,0
CUST_0B543835,1737925.33,513478.82,,0
CUST_748CE042,1767672.99,675406.22,,0
CUST_1D533B86,1337285.53,381942.1,9.0,1
CUST_E0A00CCC,886348.8,277402.1,,0
CUST_8A572882,451453.66,183327.48,,0
CUST_93ECD2E8,497570.23,151335.64,10.0,1
CUST_D0D0BB38,1177492.46,401492.1,,0
CUST_02C87494,755420.22,312469.27,,0
CUST_68E70032,375207.15,87925.59,,0
CUST_39772998,960174.4,160212.83,8.0,1
CUST_CF0BAF43,1688561.2,684675.97,,0
CUST_A8EEE844,352839.24,80102.72,,0
CUST_DD0FF3E9,1032649.83,377120.47,,0
CUST_A920666F,698681.27,233489.93,,0
CUST_085178D5,669755.04,275492.93,7.0,1
CUST_BF8EE1E8,1764673.11,349900.1,8.0,1
CUST_0DD87412,299671.62,53486.34,,0
CUST_D9C0B2F6,1120967.06,311217.43,8.0,1
CUST_F8E9E63B,444553.49,161234.2,8.0,1
CUST_6E826F4B,853315.14,147108.03,,0
CUST_B0C83531,1487744.27,316241.61,4.0,1
CUST_16CC63DA,967183.11,378720.29,,0
CUST_7557EBF2,298296.19,53432.15,,0
CUST_22CFD30F,1380841.8,237986.3,,0
CUST_47F7A2E2,663840.1,264111.15,9.0,1
CUST_115D888B,1295177.98,327001.83,,0
CUST_E82C19EB,1627293.54,346685.0,,0
CUST_08B30B8B,1433753.75,443826.05,,0
CUST_12784BA6,1179375.77,387201.54,,0
CUST_ACD6D6EB,784251.45,225208.54,,0
CUST_BF044887,1374811.68,256111.5,9.0,1
CUST_ACC2BD45,1059656.73,227625.33,,0
CUST_DFB88181,258939.35,89258.47,,0
CUST_67CC9D8D,1405141.18,488780.44,,0
CUST_6E8A85DF,372290.25,116539.9,3.0,1
CUST_15BA0325,499153.41,101313.5,,0
CUST_2341A02A,1253673.07,255834.22,3.0,1
CUST_9E012A65,1143002.68,284367.48,,0
CUST_4709C0E3,1513346.9,549295.76,8.0,1
CUST_3284C645,625939.01,257525.8,,0
CUST_58B7A925,698518.43,255184.17,,0
CUST_10C6BB56,346959.26,91935.69,,0
CUST_34674767,832424.44,209267.83,,0
CUST_A18684F8,1112055.74,296335.35,,0
CUST_FA393BF5,1181105.61,319484.35,,0
CUST_15B45412,260455.03,64355.85,,0
CUST_83C2834D,276060.29,70257.69,,0
CUST_9D957117,668328.33,261699.05,,0
CUST_6216F784,715303.88,139080.73,7.0,1
CUST_271B8163,913136.59,186169.02,,0
CUST_EB52DA10,567711.59,188941.64,,0
CUST_B294FE2B,1197528.39,226779.37,,0
CUST_CA79F105,1386525.29,423987.04,,0
CUST_A1401CCC,889130.45,281949.99,,0
CUST_A7B4A645,570291.68,181156.37,6.0,1
CUST_CD221EEB,386684.41,112066.8,10.0,1
CUST_8F110C38,630250.69,231189.46,8.0,1
CUST_D35FE205,1249631.21,291773.54,9.0,1
CUST_A628E0A5,1422257.98,522794.55,,0
CUST_0EAD9F62,1029130.21,173602.01,8.0,1
CUST_C38223B9,762934.44,219835.57,8.0,1
CUST_6BB5F2BB,1250052.51,220285.25,10.0,1
CUST_25BBB501,1331422.2,332119.9,,0
CUST_8A987A72,1675243.27,531121.34,,0
CUST_D4BA89E4,729328.7,155434.29,,0
CUST_BFE29D59,384898.65,84953.88,,0
CUST_F6C3162D,975705.23,245452.04,,0
CUST_FE220FD9,273667.06,87715.58,,0
CUST_C82846DA,403488.08,98540.39,,0
CUST_F52613AE,1660280.0,513672.65,,0
CUST_DEDA5428,630360.94,143926.14,,0
CUST_D096CE2E,1662496.04,542895.9,5.0,1
CUST_2D842C28,830947.22,138841.12,4.0,1
CUST_5F168C1C,449372.13,149337.06,,0
CUST_C97B1BBE,1468180.34,294303.61,4.0,1
CUST_E85EA174,1492617.11,301225.44,,0
CUST_854E989E,657378.58,255270.74,,0
CUST_65DB670F,1128301.05,188139.36,4.0,1
CUST_514F37A5,1088629.45,243197.52,,0
CUST_DFA8A2D3,831056.29,161681.8,,0
CUST_7A863725,1003073.25,306940.12,,0
CUST_0FC5E5F6,1546392.45,304777.88,,0
CUST_540A8798,273025.59,58806.48,8.0,1
CUST_45C50408,1288231.0,324778.0,,0
CUST_FC8F07BA,802664.34,217217.64,,0
CUST_47717505,1453381.58,464635.52,,0
CUST_19E9791D,1535258.37,345499.85,,0
CUST_6A66D86C,1769299.37,565193.31,4.0,1
CUST_A729A6E9,610896.96,129353.54,10.0,1
CUST_F4AB5916,520855.31,155733.09,,0
CUST_F225F9D8,308955.35,86472.38,,0
CUST_99057D9B,1353782.56,392890.73,4.0,1
CUST_8D8203CE,563234.72,214939.03,,0
CUST_0B9646E5,1513321.3,532053.2,,0
CUST_7B70CE04,1191924.56,470436.77,,0
CUST_16F69A1F,889773.5,156662.69,,0
CUST_861395C6,1797911.73,687407.41,6.0,1
CUST_9CD2EA6B,745927.38,243952.06,7.0,1
CUST_60B8CA5B,1477892.49,573228.0,,0
CUST_126509AF,476184.0,93933.27,,0
CUST_8A8DDC9F,1496002.32,335125.99,,0
CUST_A0EC5C3B,802841.8,194505.24,,0
CUST_7A52E1BD,1284526.2,252373.44,6.0,1
CUST_7000CFF0,1521646.85,451913.3,,0
CUST_6D20AA13,926267.11,380058.1,6.0,1
CUST_B6FCABC1,735028.77,258370.97,,0
CUST_20F21FF0,1017645.43,246082.13,,0
CUST_B7A7DD55,855764.1,332377.86,,0
CUST_A1B16620,1369179.77,241377.14,,0
CUST_F6870B44,999315.66,406880.34,,0
CUST_8344711C,1717507.48,372601.87,,0
CUST_75055410,1000518.97,204790.38,,0
CUST_5FA1B22A,577763.12,123620.45,,0
CUST_06678E2B,1486701.05,503889.08,,0
CUST_18A4D800,313807.16,112432.22,,0
CUST_C6BDB428,1207819.44,211469.9,6.0,1
CUST_00FEC3B9,1256728.8,467974.06,10.0,1
CUST_A4438D2D,507332.15,193180.11,,0
CUST_66B169D7,1446716.17,376225.23,4.0,1
CUST_4E6ABCE7,1050983.69,401209.94,,0
CUST_E3368E5E,1594090.87,597965.65,10.0,1
CUST_7065F550,358439.88,115584.05,8.0,1
CUST_D444BF55,1686937.91,599825.12,,0
CUST_2116A177,1230702.97,326751.15,5.0,1
CUST_23B25A6A,914716.58,153369.24,,0
CUST_48EDDA7C,891647.42,370601.57,,0
CUST_B4CD9368,1618076.64,533080.87,,0
CUST_CB5B2AA9,918611.76,189201.55,,0
CUST_0A4930DD,1653388.68,551647.69,,0
CUST_A7F1B0B4,1390536.83,497130.28,,0
CUST_4C67EF4F,950101.98,300199.86,,0
CUST_DEAF6E99,342013.28,123695.14,,0
CUST_46A2AF09,1778095.17,534944.95,,0
CUST_1C113884,320130.78,88441.33,,0
CUST_00E04EA5,1071974.79,399803.25,,0
CUST_856D07B7,712416.62,238961.35,,0
CUST_688CE4D3,1144201.26,381475.3,,0
CUST_D950ECB6,951179.89,339710.93,,0
CUST_9133B4F5,1572847.73,262533.16,,0
CUST_098C8AE7,1363690.32,440905.5,6.0,1
CUST_F69962E7,1654004.05,360095.14,,0
CUST_B034772F,1787680.98,655885.0,,0
CUST_300DE1DF,1650650.98,288344.29,5.0,1
CUST_7C31B1C3,1722822.66,689096.56,,0
CUST_14086BF3,1750747.57,683857.37,,0
CUST_8791CFC3,826683.46,328193.6,,0
CUST_142A6556,910098.22,229082.4,,0
CUST_BA79C8B4,1790085.86,531946.45,5.0,1
CUST_06C14BA8,908315.64,200995.02,,0
CUST_C0DE698B,584144.26,152599.81,,0
CUST_60B20D6A,1131575.62,241591.1,,0
CUST_E6B2B31A,1070876.91,368941.38,6.0,1
CUST_E1B22D1C,1764268.37,421028.68,4.0,1
CUST_894F1C0B,360477.95,67027.77,7.0,1
CUST_CC41E740,1763290.91,470859.41,3.0,1
CUST_BED40D0B,894217.66,156929.8,6.0,1
CUST_0FD02D15,616103.86,169147.54,,0
CUST_F4ECD89B,966218.42,317525.04,,0
CUST_8B7B655D,979909.78,234422.32,,0
CUST_BF46E5FA,1142964.98,403245.95,,0
CUST_EFE7F77C,575610.86,157009.65,,0
CUST_9B04EF04,1615344.3,534111.51,,0
CUST_B9BBA81B,1496761.02,333290.93,5.0,1
CUST_31314CCF,1254073.07,489287.96,,0
CUST_1779851F,1246948.82,305241.48,,0
CUST_B0E58DEC,1508295.18,345569.16,,0
CUST_F75F6660,919983.52,342832.49,,0
CUST_24419D01,1263578.77,365177.64,9.0,1
CUST_21A97BFC,1312728.98,498706.43,,0
CUST_AAEA615B,1700480.22,627618.95,,0
CUST_EAE5D334,1474929.62,492349.57,,0
CUST_6255E0ED,1525141.3,606560.9,,0
CUST_5A34C531,497029.85,106872.29,,0
CUST_CDCF5D6C,1214396.04,399566.06,,0
CUST_29A39CBB,1621767.04,605063.29,,0
CUST_7BD12AB2,910102.5,329955.79,,0
CUST_5C21F482,694420.22,181737.98,10.0,1
CUST_717D56F0,1276125.92,520450.63,,0
CUST_9E1A1328,1143294.92,202621.31,9.0,1
CUST_80E96D95,718046.99,191055.51,,0
CUST_93DC7CBB,973905.94,184067.54,,0
CUST_89149FA7,355179.13,108925.38,,0
CUST_476D953F,972615.97,311806.9,,0
CUST_2C13148A,1476093.05,394949.58,,0
CUST_B6627474,1339098.56,386273.79,,0
CUST_E1DB70FF,309061.75,116852.52,,0
CUST_0E755203,315640.8,120315.8,,0
CUST_023B697C,1784326.95,322659.94,,0
CUST_889FABF7,1393918.55,513607.46,9.0,1
CUST_F04ACCF3,1344470.39,391770.74,,0
CUST_F15F43A3,531729.17,99706.82,,0
CUST_BB1D2F06,1418279.5,488427.11,,0
CUST_DB7B2E3F,1198225.05,498709.44,,0
CUST_60D6BB5D,581002.71,192022.5,10.0,1
CUST_87488306,476381.22,140193.14,10.0,1
CUST_9D892090,1756891.11,366392.38,3.0,1
CUST_AB651B86,1272569.27,237889.19,8.0,1
CUST_F918054C,1670471.28,645018.78,,0
CUST_550778E3,748259.53,227665.31,,0
CUST_5745FB72,979296.37,350668.62,,0
CUST_FCA736D3,1397607.57,274999.49,,0
CUST_F5F7479F,387453.01,102069.57,,0
CUST_AEBB98D8,1156181.16,236617.58,3.0,1
CUST_1732CAA3,1716541.59,498783.45,,0
CUST_1721B83A,967808.88,329168.89,,0
CUST_80C066E2,610407.15,155363.96,,0
CUST_14FD0780,429276.05,75521.93,,0
CUST_4F1DFA3F,1560876.33,633755.49,7.0,1
CUST_C91A86B3,358659.81,106456.39,8.0,1
CUST_6991D3A4,1094831.31,332238.02,,0
CUST_14D0DFE4,1279009.98,465400.07,,0
CUST_C57C217D,464369.8,86186.72,,0
CUST_E3F541B2,838671.79,185898.42,,0
CUST_512F127D,1416500.97,370278.9,7.0,1
CUST_87A5079E,1335266.32,282355.28,,0
CUST_543EED95,288448.41,76253.29,,0
CUST_E726FB5D,262205.26,85459.47,,0
CUST_5BDC5F9E,1652030.16,455719.62,,0
CUST_C68F767B,1070130.88,188490.6,6.0,1
CUST_02FD2FFF,1795977.28,393332.39,,0
CUST_51F56828,1722556.51,477351.75,9.0,1
CUST_91886134,1067684.83,320965.34,,0
CUST_6161A33A,1687638.58,547978.99,,0
CUST_C2E83386,612055.2,201578.84,3.0,1
CUST_6CE6FEC8,1675131.23,583982.97,,0
CUST_FC327B24,1537884.39,270868.5,,0
CUST_B0A1A37F,522494.8,129947.47,,0
CUST_DCBA6F8B,1103754.36,402650.53,,0
CUST_B1610CE7,1119471.65,393577.38,4.0,1
CUST_6503FB0C,1792384.2,599089.19,,0
CUST_97C8C051,1648296.56,538930.24,,0
CUST_EF05087C,677220.9,199003.43,,0
CUST_D145F808,1404891.92,471644.81,,0
CUST_3F57547C,1530710.18,393727.36,,0
CUST_0EF81FFF,1770433.79,567025.0,,0
CUST_16A3291B,1224664.57,269064.13,,0
CUST_5E622FB1,1113347.19,346432.97,,0
CUST_C9647755,323302.73,99870.6,,0
CUST_4BD96417,479318.06,130051.18,,0
CUST_24956139,844314.1,154945.88,7.0,1
CUST_B3D05303,606972.09,184545.19,,0
CUST_3615C57D,1611531.84,657347.63,,0
CUST_08E8FFE1,853250.82,161808.84,,0
CUST_4F1F93C9,1558636.33,461804.27,,0
CUST_66A66D8E,547954.89,149823.09,,0
CUST_FDE76C31,515357.18,210765.34,8.0,1
CUST_83CB3A2A,1338709.66,332183.19,,0
CUST_88F51A4B,1509958.71,358499.44,,0
CUST_0F7F4D52,1247817.25,461975.83,,0
CUST_22545906,273626.54,107186.67,,0
CUST_25593069,494429.8,108010.53,,0
CUST_02EE3A12,323187.3,114405.86,,0
CUST_50FB4B0A,1576143.58,342599.58,3.0,1
CUST_03E1B525,1759831.02,732291.21,9.0,1
CUST_0EF457CE,1177757.84,325712.75,,0
CUST_65BAFB0F,717068.38,262681.1,,0
CUST_8BE87262,1620437.95,411201.61,4.0,1
CUST_4EE049F8,1319524.03,395550.03,,0
CUST_EDAA5DAE,1750219.4,305347.83,,0
CUST_BED96B2D,1463824.45,367098.76,,0
CUST_7B06B3C3,1149834.43,281029.8,,0
CUST_686CCD2B,717549.47,216760.76,,0
CUST_5542C303,1482764.39,381878.71,,0
CUST_A2C809C8,1254815.42,224017.08,,0
CUST_CE54F3E0,1407739.9,249685.49,,0
CUST_EA98B5AD,1074624.22,299287.09,,0
CUST_107077F4,1366614.68,456640.11,,0
CUST_2B180985,1751366.46,583395.79,,0
CUST_2AA0897F,1456969.85,389928.95,10.0,1
CUST_9A34173C,866653.54,339643.64,,0
CUST_618BF99A,1571016.77,349586.36,,0
CUST_1698362C,1453206.73,559878.57,3.0,1
CUST_5DF1ADDF,779103.86,149421.15,,0
CUST_6ED205BA,1753963.78,523521.44,,0
CUST_46EEA73C,591581.96,179983.67,4.0,1
CUST_9796203B,1680540.34,517533.62,,0
CUST_91568A54,1396738.02,259983.16,5.0,1
CUST_05F33643,537905.67,188689.57,,0
CUST_66C32634,536755.55,133280.3,8.0,1
CUST_0DFD402D,764876.9,212686.24,,0
CUST_C18BEE71,728862.75,197419.93,6.0,1
CUST_AFBA4549,532595.42,126910.54,,0
CUST_24FF6A59,835071.76,232446.08,,0
CUST_86A98EC4,1366303.58,352415.33,,0
CUST_F5D53838,320597.76,92068.17,,0
CUST_E3AAB137,1365170.55,427767.31,4.0,1
CUST_2C2FF3D3,1215024.6,285489.45,,0
CUST_44BD7D6D,860162.36,205554.52,,0
CUST_A2F66A45,1706096.08,369784.59,,0
CUST_E77617CB,672553.91,131867.1,,0
CUST_53535B9C,943841.42,269347.15,,0
CUST_4F14F777,845424.52,284269.78,,0
CUST_3BEB6144,719676.45,294054.59,3.0,1
CUST_7EB13ED9,359129.29,70117.06,,0
CUST_463D9559,408049.92,143634.08,,0
CUST_D8CA16DF,1110456.16,218223.58,6.0,1
CUST_AC093399,1554635.73,298766.62,,0
CUST_40898D8F,1460719.07,271897.09,,0
CUST_F57E24CF,894728.1,277752.83,,0
CUST_3A0A5A4A,1078944.82,182925.21,,0
CUST_1A43AEBC,1612863.3,380863.31,,0
CUST_49838DE0,272655.31,90394.91,,0
CUST_5732DB86,1273097.74,488915.0,,0
CUST_D9DB0490,1317178.92,446731.28,,0
CUST_B7E28835,1153866.1,320364.54,,0
CUST_97FCF12E,1258296.65,444611.44,4.0,1
CUST_D6BBE03C,1796723.21,471554.21,,0
CUST_FFF9C999,1619863.65,461670.12,8.0,1
CUST_A39BA791,1015888.88,232419.16,8.0,1
CUST_6B7712A3,1158742.34,286548.62,,0
CUST_D4748A4E,1718476.94,479092.58,,0
CUST_DA55021C,1067916.76,315936.04,,0
CUST_57D0AFA8,949758.72,310261.65,4.0,1
CUST_100AF796,1740818.48,412500.33,,0
CUST_255AF960,530545.22,213441.54,,0
CUST_2A661D69,1253273.12,487841.05,9.0,1
CUST_323A1141,1435810.08,540613.01,,0
CUST_082FF013,1656644.48,570570.84,,0
CUST_F4C92714,1444106.39,425645.33,,0
CUST_1B45AC0A,1587441.61,571340.44,,0
CUST_2F3C26E8,654751.89,236298.01,,0
CUST_B23BAFCC,806112.96,247010.54,,0
CUST_9191BCCF,603527.17,246960.0,,0
CUST_713D6171,1251544.64,278355.65,3.0,1
CUST_CB2A7344,1113413.1,228814.43,,0
CUST_1B58A08E,1583878.36,480954.43,6.0,1
CUST_4B411E03,900841.95,170826.77,,0
CUST_E49CF22E,1561080.25,307251.27,5.0,1
CUST_72FE1B99,1079729.03,275058.83,,0
CUST_658AB055,1025778.8,222240.9,6.0,1
CUST_69F2389D,1100143.0,439472.01,10.0,1
CUST_CDA0EA6B,716731.66,247637.06,,0
CUST_7A8601AA,458594.9,170105.85,10.0,1
CUST_4AA7FF29,1414495.43,278499.97,,0
CUST_FA94EB15,911501.76,293241.86,,0
CUST_E33AB8B9,824195.01,184688.23,,0
CUST_269B75A4,256518.32,105080.84,4.0,1
CUST_E71B2F00,1474375.36,383405.74,,0
CUST_19645768,843214.11,226989.9,,0
CUST_0B6A3325,675986.28,112751.79,,0
CUST_4DE3369A,1176476.99,226079.99,5.0,1
CUST_EB0E4539,1748208.07,299539.47,,0
CUST_2BF12BBE,808626.91,247999.18,,0
CUST_1678786B,950381.13,245736.7,7.0,1
CUST_82A77C6D,934858.41,174674.82,,0
CUST_DD8BBB93,1723274.19,651995.32,8.0,1
CUST_2A324503,1347699.41,348778.44,,0
CUST_3700DBB0,1573519.82,362303.49,,0
CUST_4F980436,1244603.8,438646.81,,0
CUST_BC14FD19,250659.25,44706.12,,0
CUST_52688891,1287188.31,500146.76,,0
CUST_154EE62C,490975.28,144860.54,,0
CUST_4C6E4EAD,1784250.93,300738.51,,0
CUST_B7C2BE30,1304713.41,309566.52,8.0,1
CUST_E36FE636,426113.5,145541.94,,0
CUST_D81ABC5D,1335840.59,444405.53,,0
CUST_51262302,599991.66,127436.84,,0
CUST_AFCF5A67,1795838.55,491568.05,7.0,1
CUST_CB3C750F,1559415.87,387910.88,,0
CUST_305E7108,1258438.22,256249.84,,0
CUST_B860B70C,536733.86,93494.78,,0
CUST_8DA486B9,977110.71,332483.87,10.0,1
CUST_8C5439E1,280182.06,108953.4,,0
CUST_A5795294,1317898.74,484088.68,,0
CUST_C246F92D,816038.14,144398.45,,0
CUST_3FCB8B58,763499.41,134598.06,,0
CUST_BE6C9118,433957.71,115950.82,,0
CUST_BD72F7B1,404569.63,146965.38,,0
CUST_310768E2,1495372.76,531109.7,,0
CUST_856BD50D,1480520.06,388606.24,8.0,1
CUST_90721EEA,1173480.52,237637.26,,0
CUST_A2A06E10,1731017.35,692643.13,,0
CUST_1938C1CF,1080330.75,303046.14,7.0,1
CUST_EF9F8E66,885205.84,319451.58,10.0,1
CUST_91A49EC0,1768046.37,488332.86,10.0,1
CUST_0B795A4D,1582718.98,284150.13,,0
CUST_526579AC,1383241.94,290845.51,,0
CUST_F8128405,310561.56,115675.14,,0
CUST_311A6D9A,829580.36,341102.56,,0
CUST_659F720E,1082256.51,339584.63,,0
CUST_55F36AD4,1716201.94,575366.83,,0
CUST_F56DCB52,1149900.19,365426.32,,0
CUST_A81F04F8,1678981.12,642661.3,3.0,1
CUST_5F2E0895,1505663.03,291819.65,,0
CUST_57505411,1035519.17,191378.31,,0
CUST_B933F7FE,245389.69,68340.22,,0
CUST_A6520B06,1189996.44,402539.95,9.0,1
CUST_45E22845,1315320.31,268302.35,,0
CUST_0A7869F3,1153574.41,419198.5,7.0,1
CUST_3483EC23,839132.74,334212.46,4.0,1
CUST_15A61073,1561114.74,602523.25,3.0,1
CUST_A6889874,1332058.45,387787.62,,0
CUST_50DFDF09,817158.27,176616.54,,0
CUST_62398C4E,1183276.52,297858.92,,0
CUST_20F30FD0,557690.03,145269.75,,0
CUST_85659B4D,905240.48,331872.16,,0
CUST_C36E855B,499872.13,128479.86,,0
CUST_DC0019DB,1048881.6,241163.2,,0
CUST_ABFB52F0,972122.22,358356.43,,0
CUST_16700AF0,468466.51,99253.8,,0
CUST_B158C2FC,913064.83,337495.83,,0
CUST_0BD64DDF,1173321.31,485481.42,,0
CUST_ADECF89A,313505.46,122788.38,8.0,1
CUST_A5016558,695903.14,171205.77,,0
CUST_DC99FA5C,1202295.31,257785.84,,0
CUST_4FE68585,329704.58,87411.6,,0
CUST_69B1E0E4,1337549.95,223201.28,8.0,1
CUST_39B09C1C,1187805.1,483923.73,7.0,1
CUST_ADAD2E2F,1577614.3,384554.48,,0
CUST_4703CE20,1201972.22,449970.88,,0
CUST_ED5108E0,837174.98,227111.6,,0
CUST_95FB8D04,318360.22,76874.25,9.0,1
CUST_698C9530,975514.54,206023.89,,0
CUST_03E6C1F0,887944.88,168849.09,,0
CUST_92C6AE90,1469958.87,414714.87,,0
CUST_171D2FC3,561281.68,202427.64,,0
CUST_5E113ADE,1031272.06,379457.77,,0
CUST_705391BF,718482.77,151387.32,,0
CUST_254A3A31,921230.5,247115.82,7.0,1
CUST_033E1498,1348416.35,561514.19,,0
CUST_15539680,1683151.79,557512.91,4.0,1
CUST_2B1D3E59,739059.17,206216.87,8.0,1
CUST_A38B2860,581118.99,127909.52,6.0,1
CUST_71049CD7,1525454.72,296301.82,,0
CUST_F82E426E,474266.93,94253.52,,0
CUST_BAB5DE5D,1116363.16,320587.82,7.0,1
CUST_FEC40F47,1432494.18,476803.35,,0
CUST_7FE72E23,625241.79,107888.51,7.0,1
CUST_3F38EE42,1086955.64,356371.04,,0
CUST_42331956,930533.57,201027.16,,0
CUST_F8E0EDDA,609502.0,104256.02,,0
CUST_B26A7E5E,1463229.3,267779.99,,0
CUST_3E9EE7FC,1491060.75,505189.72,,0
CUST_9883D2F2,1701177.54,383519.77,,0
CUST_44531C3E,1164485.57,220957.43,,0
CUST_7918A048,552649.89,117077.4,3.0,1
CUST_7049DE74,1591245.57,588408.97,,0
CUST_40C09CD5,1086589.87,419094.38,,0
CUST_4C869DF3,1479394.75,349968.32,,0
CUST_35CB20CF,346794.1,81261.32,,0
CUST_47F5B9CA,1530919.48,296814.38,,0
CUST_9C0B336A,811295.17,268045.43,,0
CUST_33EAA36A,678412.22,206117.32,,0
CUST_E298D365,807373.37,223762.97,4.0,1
CUST_284E06C2,1376282.05,444930.03,9.0,1
CUST_3C042D63,643075.98,227403.54,,0
CUST_14962C3C,862445.54,144493.68,,0
CUST_497C66C4,1581922.2,567370.72,5.0,1
CUST_3E5E0A33,1521057.89,625875.88,7.0,1
CUST_FF018B78,797744.42,297320.58,10.0,1
CUST_91739424,1066784.86,388475.96,,0
CUST_860E332C,602184.53,243674.58,,0
CUST_A81CFC93,1046833.75,188107.07,,0
CUST_94B5B21A,1611537.24,583758.07,,0
CUST_9914EDC4,653539.49,115682.47,,0
CUST_FBBED014,271438.17,57674.74,,0
CUST_A99A8A2A,1619145.85,545265.36,,0
CUST_34567036,1648883.73,388651.38,,0
CUST_21FAE305,1508431.23,548960.49,,0
CUST_E0ECB41E,460326.25,145054.08,,0
CUST_6EAE43A6,458638.95,168649.55,,0
CUST_70CBA874,417002.98,133165.21,,0
CUST_50FAA513,1007622.05,385327.99,4.0,1
CUST_E13AE3AC,503331.94,148596.42,,0
CUST_06ADECF0,406030.36,166187.39,,0
CUST_C0282B59,947534.58,381323.77,,0
CUST_A6A27A9D,1208876.65,233915.09,,0
CUST_F42A2951,1705823.11,468629.09,,0
CUST_4068E31B,1370282.53,352111.39,6.0,1
CUST_3B6105E8,585598.74,103791.54,,0
CUST_347438E6,1717210.11,502300.84,9.0,1
CUST_CD54983C,1402093.83,335638.15,,0
CUST_8FE277FA,250673.58,94504.46,,0
CUST_87AB49A3,1574066.06,510345.63,5.0,1
CUST_0255DAD7,711794.71,248566.97,9.0,1
CUST_001EF1C0,608038.25,116845.53,,0
CUST_1065E50D,1699448.28,417012.04,,0
CUST_48688DD1,510645.83,185762.53,5.0,1
CUST_F5A5CA94,1404436.15,552041.5,,0
CUST_9BD1DC22,1167692.47,405630.92,,0
CUST_CA1F93CD,535413.38,192030.76,9.0,1
CUST_64E12C51,1202959.12,423671.41,6.0,1
CUST_5133E970,771622.18,147542.53,5.0,1
CUST_593057E0,841000.96,171152.4,,0
CUST_EAFBC2C2,1573756.38,512220.11,3.0,1
CUST_62808302,1794918.25,319583.75,3.0,1
CUST_7D25AE66,1697206.74,461357.33,,0
CUST_006ACFAC,433420.96,111910.79,,0
CUST_45C6B6B6,951200.11,246127.56,,0
CUST_DC088996,1380294.61,413441.55,,0
CUST_95744655,832108.61,281522.35,,0
CUST_B20F9FEF,1394551.03,394505.61,9.0,1
CUST_41844C5A,1547684.8,610017.31,,0
CUST_054A79D5,1677509.48,451877.77,,0
CUST_EA55240C,1149897.58,237888.14,,0
CUST_947C13DB,1286598.85,397706.78,,0
CUST_3096B43B,353993.9,102919.29,10.0,1
CUST_982D0064,1521999.13,381433.1,,0
CUST_9FE86661,1413802.76,430057.36,,0
CUST_F4DD138D,1522841.91,436823.75,,0
CUST_9E14307A,338109.62,71986.75,,0
CUST_D72553DA,373880.14,69558.77,,0
CUST_BFD27A1A,315891.23,91640.08,,0
CUST_95216A4F,1704558.47,456199.43,,0
CUST_5CC4D335,1233252.81,257867.4,,0
CUST_FFBE4684,287335.5,90688.93,,0
CUST_E22C4FD7,806892.39,175079.02,9.0,1
CUST_16956EEE,1676588.67,329031.47,,0
CUST_571CB92A,1569557.76,560838.16,,0
CUST_FCFE4B1C,1134025.32,367680.7,,0
CUST_E7266BEC,966811.54,205342.36,9.0,1
CUST_11A520D9,1038780.1,241900.6,,0
CUST_991CB79F,727766.09,237358.22,,0
CUST_E46638E0,914947.12,368908.09,,0
CUST_CF2D9C70,885533.66,199611.23,,0
CUST_4CC90378,1651254.88,532853.39,,0
CUST_D81F69C5,781358.28,239155.37,,0
CUST_4CBF9C95,669515.61,242685.43,10.0,1
CUST_F35FD2B8,516989.41,119535.45,,0
CUST_653AD92E,760030.39,253976.3,,0
CUST_37A04FA4,1287113.84,471446.75,,0
CUST_95CCFFF0,273446.24,64642.65,,0
CUST_CF820FA7,982640.97,394856.24,,0
CUST_DDC8FED7,1557940.48,555035.67,,0
CUST_86DD9EB4,914767.98,333765.99,10.0,1
CUST_C6A5A785,787667.07,146024.39,7.0,1
CUST_5AE81255,1035478.45,258526.12,,0
CUST_B5D7A3C0,1360283.73,504051.61,,0
CUST_B55BCC72,1524639.28,492738.14,,0
CUST_4CC63BC4,1369647.91,305082.03,7.0,1
CUST_A172B5D2,1098772.98,240352.71,,0
CUST_068382F3,366549.61,61761.13,,0
CUST_CEA8DC0C,1160198.21,341701.09,,0
CUST_6C4995C5,1505525.04,602445.33,9.0,1
CUST_BADA934B,487608.83,92134.1,,0
CUST_E93C3F97,323011.81,85624.97,,0
CUST_5FB6E329,1210248.16,499894.72,,0
CUST_18E6C463,971514.89,257027.5,,0
CUST_944064C1,1053866.33,271329.26,,0
CUST_E1EC2D3A,1770606.32,487651.91,,0
CUST_5BFA6B29,1118673.66,449444.63,,0
CUST_95D7A4D5,527072.87,167200.41,,0
CUST_3FF02E12,796824.88,135549.33,,0
CUST_5E8D12CE,1446197.94,403841.96,,0
CUST_B5ED2607,639370.56,203542.18,7.0,1
CUST_4288D381,756047.19,201092.86,,0
CUST_9DCCC9FC,753372.42,310137.62,,0
CUST_444156EB,513102.68,156957.76,9.0,1
CUST_0835F0F3,934801.73,306834.72,,0
CUST_C1344309,1670059.36,506287.2,,0
CUST_58BA84D3,463989.61,155122.48,,0
CUST_A8E5BFB1,1046888.35,430128.5,,0
CUST_631F7783,1672925.88,552791.33,,0
CUST_40DFD465,1775618.34,730354.29,,0
CUST_F0686F70,1281249.47,310991.49,,0
CUST_FE3238E6,265541.83,62366.17,5.0,1
CUST_31709653,1292442.59,271694.74,,0
CUST_A0AC9623,1603412.66,510472.35,9.0,1
CUST_F8CD23CF,1184410.24,398419.41,,0
CUST_870CB0B2,1113536.33,355352.36,,0
CUST_4E3A4FB9,625119.38,182696.46,,0
CUST_295986D6,1376346.99,530767.56,5.0,1
CUST_9485B9E3,1594035.41,640474.89,,0
CUST_6F140A28,1529157.89,285827.0,,0
CUST_4CE67102,609067.09,193322.06,,0
CUST_6A9D2D18,892053.63,189966.52,8.0,1
CUST_16713006,1121793.62,214741.41,6.0,1
CUST_4FBD6006,816973.17,226651.47,9.0,1
CUST_25A288FC,1364174.62,397714.59,,0
CUST_63BBA798,675688.45,124677.79,8.0,1
CUST_F4FC111E,306982.54,83930.76,,0
CUST_2CAEEC0B,687813.14,128999.74,9.0,1
CUST_9D546E24,1220150.22,454493.15,,0
CUST_82A18EA9,826944.37,248910.56,,0
CUST_0B84BD63,284715.68,65506.85,,0
CUST_B21DFAEA,1283261.07,331470.47,4.0,1
CUST_5EE0C3FF,481778.89,194285.3,,0
CUST_7D9E5852,851663.36,188021.07,,0
CUST_90D65E6E,1421927.02,390791.28,,0
CUST_2B0F7D21,685202.19,261752.97,3.0,1
CUST_1A79BEB6,766911.26,214465.17,,0
CUST_736224BC,1478860.99,600014.58,,0
CUST_151FDC7F,1386991.26,235305.69,,0
CUST_3791ED1F,714694.58,253798.35,7.0,1
CUST_8D50F84A,935810.08,210639.45,,0
CUST_160B2257,924582.67,246405.14,,0
CUST_A2302011,647933.04,224074.83,,0
CUST_76F710B2,1537489.43,282186.5,,0
CUST_1FAD95B4,974780.35,310415.32,,0
CUST_F1ADE0FD,1304603.71,313220.78,9.0,1
CUST_998952E7,534705.11,172389.95,,0
CUST_30FAD078,268799.96,59300.06,10.0,1
CUST_63739ED0,1738421.12,712516.19,,0
CUST_BD1E7744,1572220.28,460864.25,,0
CUST_0890D725,634483.2,224008.0,8.0,1
CUST_92AD0613,1641782.23,658843.07,5.0,1
CUST_4A8E0102,820585.02,222928.45,,0
CUST_917C14FF,1172813.1,323995.1,,0
CUST_4F7F8E14,258543.34,50832.75,,0
CUST_FA8466E5,370454.83,115578.8,3.0,1
CUST_0696C6CF,240649.33,59850.64,,0
CUST_DA450625,1217867.24,507173.61,6.0,1
CUST_C93BD56E,1775149.75,665362.79,,0
CUST_2C10A285,1788220.1,587007.28,3.0,1
CUST_63DD8408,853764.53,305875.21,7.0,1
CUST_2A8B4E35,1515292.66,463136.76,7.0,1
CUST_1A96ADA0,479257.09,179009.78,3.0,1
CUST_C003D8D6,1418484.06,263625.71,5.0,1
CUST_969E1135,1050261.67,235621.97,10.0,1
CUST_2D222816,1083197.05,183331.56,9.0,1
CUST_CA401F1B,1440642.46,432957.8,,0
CUST_1EBB1076,1122630.45,297901.02,,0
CUST_41B2BD93,968777.86,201656.36,,0
CUST_F59C587A,1453311.37,486954.53,,0
CUST_FD603712,413581.71,84360.53,,0
CUST_1DE66C66,1435790.45,571326.68,,0
CUST_67FB5C97,1028665.56,384641.81,,0
CUST_2B90B888,1365183.91,279409.47,,0
CUST_20875D7B,722714.59,250922.71,5.0,1
CUST_F13D32FD,1195163.92,234998.16,,0
CUST_B9487EA4,532921.16,153959.97,,0
CUST_397AA257,1538312.94,381845.19,,0
CUST_473FC85C,1212144.8,335363.51,,0
CUST_794BB443,1083434.17,362595.53,9.0,1
CUST_DAEEFE2D,447637.73,127008.7,,0
CUST_B7B15E1E,1006892.84,375801.32,,0
CUST_A43295F4,715417.55,275552.17,3.0,1
CUST_D958F5C3,933794.77,262771.8,5.0,1
CUST_ABCA5EB2,1721880.64,440681.31,3.0,1
CUST_E81DB813,1253441.23,332523.4,,0
CUST_EAA868D6,308101.4,94287.77,4.0,1
CUST_88DDDC4E,810721.77,165139.28,,0
CUST_B0038F3C,776951.83,237317.97,,0
CUST_78919B85,1347252.46,345917.58,6.0,1
CUST_4D37D39D,1131591.16,352496.05,,0
CUST_72A0B8A0,401879.01,153330.28,,0
CUST_84C5C6D9,964436.87,331908.74,,0
CUST_C4EE4F3A,685831.53,207612.64,,0
CUST_DACB30CC,1326904.53,411198.62,,0
CUST_8BCBEA59,1731487.71,669787.42,4.0,1
CUST_9DF56B30,682657.26,203539.3,6.0,1
CUST_646F16C3,1265491.55,434845.73,,0
CUST_DA50399D,1480324.63,468325.29,,0
CUST_27055288,1714442.06,489010.15,8.0,1
CUST_9D558E38,1681465.39,513134.09,,0
CUST_A2A726B2,743149.93,142960.72,3.0,1
CUST_30AB7366,576721.97,171138.6,,0
CUST_2E4BD9EA,1303652.83,346174.04,6.0,1
CUST_E89C793B,553394.21,142061.91,7.0,1
CUST_1B35AB2D,1424267.93,446077.18,,0
CUST_78019DBB,1289271.4,308393.5,,0
CUST_9922319C,923528.03,348713.38,,0
CUST_81864C42,1479820.55,418677.61,,0
CUST_232AE90A,507218.39,205131.52,,0
CUST_25A2B6C5,1677101.53,403494.83,,0
CUST_FF21D98A,459839.42,146908.37,5.0,1
CUST_0683F351,1211820.12,236453.56,,0
CUST_633C4FD3,1663442.62,607874.49,8.0,1
CUST_340313C0,1291956.18,425397.52,,0
CUST_809A6455,673476.97,262170.35,,0
CUST_322ABAFC,1328667.43,393634.49,,0
CUST_D62B7C05,640707.6,231663.49,3.0,1
CUST_618171E0,1626591.2,277465.52,,0
CUST_8A71B8BE,947347.12,227508.29,,0
CUST_290192B9,1487384.66,372232.32,,0
CUST_4D349334,1349280.39,475002.96,9.0,1
CUST_87EDCC7C,830954.51,201706.61,,0
CUST_2B5A241E,1485898.99,286641.75,8.0,1
CUST_6CC464A6,371073.4,124498.87,,0
CUST_7CBA5BBE,1348589.01,322216.04,,0
CUST_D9AAB642,1580000.05,404857.77,,0
CUST_EEC13E66,1572363.41,579015.85,10.0,1
CUST_574AB62D,715570.36,285344.94,,0
CUST_163A99B8,1588402.82,450677.15,8.0,1
CUST_7A510FF1,1006072.11,281771.39,6.0,1
CUST_78647DBF,339011.34,75804.33,,0
CUST_02444AFE,999559.58,276198.74,,0
CUST_1ABCC1A1,1191264.52,327559.76,7.0,1
CUST_F39B4A7B,690048.75,136597.52,,0
CUST_20C19D76,430727.2,75171.23,4.0,1
CUST_DE96D84F,389712.61,79622.92,,0
CUST_86AAC39A,1520098.43,416554.33,,0
CUST_D45EF9C0,872506.32,201220.7,,0
CUST_D64F3134,1210366.09,406878.67,9.0,1
CUST_E12A216B,941877.29,219506.34,9.0,1
CUST_0A0A006B,1535610.87,397167.89,,0
CUST_8A84D53C,531377.3,152627.43,7.0,1
CUST_F6300EF9,1397715.55,287023.32,,0
CUST_55B665E3,535592.44,166793.29,,0
CUST_5DF8DC7C,321547.82,103638.0,,0
CUST_C720F79B,697257.4,194091.71,,0
CUST_51F4B4AF,1068489.35,389580.07,,0
CUST_0A6C5D45,734925.65,133575.03,,0
CUST_4D6C236E,1299204.58,481968.43,,0
CUST_665F3671,1599080.9,406539.98,,0
CUST_A98CB51E,727721.16,225457.88,,0
CUST_1DCE7B19,1601836.98,547051.72,,0
CUST_B8713748,1266797.56,232888.88,,0
CUST_0E512275,500182.14,92653.82,,0
CUST_FEE2C987,882069.16,165683.88,5.0,1
CUST_4E74E168,1686774.58,647910.01,,0
CUST_252325F8,1097393.7,348506.15,,0
CUST_DFE0850F,1566687.21,587393.73,,0
CUST_7709CF5C,1761887.74,490534.0,,0
CUST_BE1145B1,936394.45,378596.03,4.0,1
CUST_56D8A908,1595006.65,516895.18,8.0,1
CUST_F8BC145A,1574091.6,350355.7,,0
CUST_F437ACB1,1017403.95,332125.53,,0
CUST_E889AA26,1156914.4,443271.45,,0
CUST_A0B89E79,1456556.28,600926.89,3.0,1
CUST_56EC8C9E,837264.95,314700.29,,0
CUST_9FED9D16,515993.73,181448.94,,0
CUST_9473F0BE,1580808.5,650568.49,,0
CUST_9FA44655,1380565.27,398026.14,,0
CUST_10B1DAAD,281000.82,67022.49,,0
CUST_E9965AC2,539070.03,97280.7,,0
CUST_C578209D,1674997.94,541847.74,,0
CUST_512D16AB,1351888.93,348552.96,,0
CUST_C3A5195C,628030.89,204968.23,,0
CUST_DB3D042F,792053.23,303061.25,,0
CUST_25A7D046,314168.2,70674.33,9.0,1
CUST_2966AAD7,371602.14,153247.93,,0
CUST_AD2C093C,851459.25,162797.54,,0
CUST_F6696949,1491193.34,276141.61,,0
CUST_DDB6FB8A,1641166.46,473608.12,6.0,1
CUST_E1A25385,1150485.7,264577.57,,0
CUST_0F04446B,329105.93,67221.83,,0
CUST_30BC0BEF,1339373.06,417085.96,,0
CUST_6E63408F,1119754.56,216065.44,,0
CUST_57480A78,803470.69,235058.85,,0
CUST_7E3B012D,960261.65,294886.17,,0
CUST_C81CFB5D,535623.86,114508.45,,0
CUST_1FA67AAE,1324736.69,492562.1,10.0,1
CUST_C8B58DAD,1487978.46,566580.27,6.0,1
CUST_118979C7,868919.01,293545.61,,0
CUST_AA3EAF2F,862258.82,271179.82,,0
CUST_C9A09024,1650597.31,515758.97,,0
CUST_B14E7958,1112479.34,342639.43,4.0,1
CUST_DD2A484C,1605428.77,350875.2,10.0,1
CUST_750C9734,1382184.47,492220.22,,0
CUST_F9536D90,1711028.46,525382.34,,0
CUST_2D863EC9,1367963.03,377205.26,5.0,1
CUST_1A211375,385268.61,67350.5,10.0,1
CUST_F7A68B89,446852.45,162693.3,,0
CUST_5DBA2DF2,745322.59,167806.46,,0
CUST_9650D486,878289.89,342928.73,,0
CUST_F65DD9CC,1720620.46,632029.27,,0
CUST_EE5ECA77,605249.95,198922.11,,0
CUST_DDEB1DFF,314946.42,116185.51,,0
CUST_EE430EE7,388364.19,84587.16,10.0,1
CUST_C8B70ED9,604585.28,233939.32,,0
CUST_EA43FFA7,520177.38,190432.91,,0
CUST_451E1EA7,1593453.07,302478.54,,0
CUST_FD6161B8,1301414.03,224790.99,,0
CUST_92B6DC3B,1652718.31,294713.77,,0
CUST_F2AF8E6A,517899.2,187567.5,,0
CUST_63CFC97B,1285828.29,438436.23,,0
CUST_F87A68A9,357152.13,60242.0,3.0,1
CUST_06DE3733,843179.39,265340.67,,0
CUST_77644616,313725.75,116827.82,,0
CUST_7833F39B,295248.87,87093.87,4.0,1
CUST_3C65B978,1657734.83,305470.48,,0
CUST_2ABFBE20,1735666.39,669100.21,6.0,1
CUST_B0BBF9CE,856831.66,174386.18,5.0,1
CUST_67D11F8C,780619.85,192276.6,,0
CUST_ABFD9247,1372069.79,408429.22,10.0,1
CUST_31E9DABF,422047.01,173487.37,,0
CUST_A5597838,252907.89,105368.69,,0
CUST_F7AD1E9D,615072.53,120521.65,,0
CUST_0E5322D2,1283996.46,376986.65,,0
CUST_08767DED,569768.08,210774.69,,0
CUST_30E88E51,1079529.03,299793.75,,0
CUST_4F284397,890243.41,174000.27,5.0,1
CUST_F0ED1C8A,536941.51,186177.17,3.0,1
CUST_5A9C96A3,491379.56,182590.74,,0
CUST_BD3284C0,1752635.37,310658.66,5.0,1
CUST_7C604416,1424468.02,439315.09,,0
CUST_560A057B,1169403.31,274085.83,3.0,1
CUST_64648599,1314098.21,374615.5,,0
CUST_38D515F5,376667.16,111028.78,,0
CUST_9BD73529,1736251.94,410497.94,,0
CUST_F8B02195,1784713.5,663428.31,3.0,1
CUST_880D0A26,401058.23,157068.03,5.0,1
CUST_501B2F9D,837898.91,264464.49,,0
CUST_3441CFA7,1489200.97,618491.7,,0
CUST_4CD2F700,1326071.01,522736.48,,0
CUST_A986B8D8,478685.88,131323.36,7.0,1
CUST_CA6D81DC,477473.0,130018.69,,0
CUST_A2DF5F46,1046774.74,334038.22,8.0,1
CUST_BE4C492E,687343.51,124947.1,5.0,1
CUST_3ED4844D,764412.88,290045.64,8.0,1
CUST_B0141FCE,1494194.9,542402.43,,0
CUST_32D93D48,1435184.73,547869.92,7.0,1
CUST_94BCFC8C,939692.26,390911.43,,0
CUST_7E708B9F,1001603.45,364778.87,,0
CUST_B0818B50,1446500.74,531735.86,,0
CUST_818A1DA0,1313012.92,445347.38,7.0,1
CUST_CB2A010F,321301.74,112340.8,,0
CUST_02EE7E56,349384.55,63394.93,,0
CUST_E425A723,1792200.1,493187.75,,0
CUST_E1052E63,578652.09,176098.02,,0
CUST_94C989CB,441020.36,140278.09,9.0,1
CUST_ECB0E822,1379899.62,262160.43,,0
CUST_9EF12EFA,502746.78,103818.2,5.0,1
CUST_FF522A87,615869.29,113595.32,,0
CUST_03A85A9A,1514501.5,494890.13,,0
CUST_06CC7A6E,529408.51,190356.86,,0
CUST_87E6DA58,1709096.15,616653.45,,0
CUST_DBD6B1DE,575404.06,102132.07,,0
CUST_0F9884AF,519709.29,119822.36,9.0,1
CUST_FD725477,1014023.33,243898.34,,0
CUST_B3BED18E,828269.23,247129.97,,0
CUST_DA3C90B6,1346294.03,321549.11,,0
CUST_FA5A73E9,980461.71,218911.15,7.0,1
CUST_379A25C6,1093598.85,183783.02,,0
CUST_36942F2A,1384961.83,405754.28,,0
CUST_527E1949,1214226.51,222760.96,,0
CUST_752B3971,473991.4,173725.28,7.0,1
CUST_2AE45183,1031437.37,243177.67,,0
CUST_B2329A4D,1217440.71,371769.53,6.0,1
CUST_35C97DA3,664926.83,190154.46,7.0,1
CUST_07E7EEEA,481102.94,104453.27,,0
CUST_DB12246F,1501202.81,380263.85,9.0,1
CUST_C0882EBA,1692975.84,649937.06,10.0,1
CUST_1CD84877,1399487.8,354804.02,,0
CUST_C65B9080,1654346.39,474643.59,,0
CUST_3AA9864A,1498738.63,449494.49,,0
CUST_D10ADCC7,1731150.89,615380.82,,0
CUST_FA23156E,1145535.16,297152.39,,0
CUST_BC2B57EF,594801.1,102025.97,,0
CUST_16436CDB,1567825.24,595823.27,,0
CUST_C09AF942,1589049.87,292423.74,,0
CUST_1B45407A,1578750.94,642760.46,,0
CUST_13AF5BE5,1272349.4,432027.28,,0
CUST_FA4372C3,1796498.28,538766.49,,0
CUST_DD79128E,835432.35,150634.74,6.0,1
CUST_248D71FC,699561.77,283353.47,,0
CUST_9F552C6C,1675901.28,678876.37,,0
CUST_F967DCA2,440414.74,74635.59,,0
CUST_23E672B6,561193.46,183462.4,10.0,1
CUST_049A4560,466643.45,141644.43,5.0,1
CUST_AA7FDB6D,348249.28,135360.19,,0
CUST_649ABB6F,562417.88,136466.43,10.0,1
CUST_652A27C6,825425.18,334038.61,3.0,1
CUST_15A31DA7,1109521.04,219808.39,,0
CUST_F50F6366,1176135.72,351100.01,,0
CUST_AC3BB9A2,1149168.62,428361.0,,0
CUST_6866280A,825469.4,263025.45,,0
CUST_CBEAD119,249193.26,73384.69,,0
CUST_96E3F4E7,616088.96,192383.72,,0
CUST_26522691,1229514.2,294871.92,,0
CUST_30E53E75,602606.75,121689.83,,0
CUST_4CF39B0A,1790365.27,322696.56,,0
CUST_D736820A,1102025.22,234251.97,,0
CUST_98FD33D4,1572893.84,472325.87,,0
CUST_A6633D8B,1366471.45,436062.79,,0
CUST_1F12A373,462290.67,111304.91,,0
CUST_E6B85CA2,573435.77,222928.73,,0
CUST_36277C84,1203070.05,339750.55,9.0,1
CUST_3BEE814B,1615408.28,461418.01,,0
CUST_7568F6F1,1156761.27,433264.9,10.0,1
CUST_00899B27,340066.45,63956.46,,0
CUST_BE1258BA,555848.42,107895.79,,0
CUST_C4EEBC79,467237.82,170856.61,7.0,1
CUST_30309604,1069194.65,259595.63,3.0,1
CUST_6F8F70BD,916464.07,179421.78,8.0,1
CUST_1E61ED1A,1672286.64,351483.78,,0
CUST_571A5076,1256801.14,508511.3,8.0,1
CUST_3C03365B,664614.84,259884.9,,0
CUST_2EF15184,325802.01,69354.89,,0
CUST_8453A889,1537537.91,400707.53,,0
CUST_2BD57D0B,616055.1,194958.38,,0
CUST_6EA20A08,989493.73,297394.87,,0
CUST_0AD3F464,1566154.9,633917.79,,0
CUST_1E93B9DB,1734581.82,681759.28,,0
CUST_E1AE32C2,1538938.18,471878.1,,0
CUST_C67973F7,708872.0,289572.81,,0
CUST_35F7C206,1166472.33,269239.84,,0
CUST_82C4CAF5,1025605.77,310924.49,,0
CUST_727342A8,1576856.66,286594.23,10.0,1
CUST_6F90E07B,1057635.0,344129.31,,0
CUST_90FB9EA7,1219287.43,352533.13,,0
CUST_8A86776B,1042774.54,415213.57,,0
CUST_540F1C00,1015686.39,375066.81,,0
CUST_F846DA75,1059363.24,236288.12,,0
CUST_9929FD54,1081508.74,363799.3,,0
CUST_6C325BB6,1272897.53,247319.59,,0
CUST_71093AD7,1290564.61,222813.76,,0
CUST_634839B6,535895.21,156027.93,,0
CUST_9D62317B,442404.99,169415.35,,0
CUST_43275429,1027594.53,395099.43,,0
CUST_06EB1678,1513839.88,521669.36,,0
CUST_5B340012,1139495.04,223801.47,7.0,1
CUST_A190BD26,389985.3,126619.69,,0
CUST_A2B96414,902763.41,203864.9,,0
CUST_68765398,1665638.73,468359.69,9.0,1
CUST_815BCD1B,1092641.41,369530.07,,0
CUST_D05267FD,1763000.27,665910.72,,0
CUST_AA3380BA,1382651.18,460923.11,6.0,1
CUST_8FDC2862,422198.26,72205.22,,0
CUST_33EAA400,1625351.76,441889.89,,0
CUST_315A74A4,1140939.26,373559.76,,0
CUST_D18B3C73,690912.06,117555.58,,0
CUST_08EB4355,366760.2,110823.51,,0
CUST_DBAFCC4E,762256.77,131843.46,,0
CUST_CEFDE697,914701.23,261785.19,,0
CUST_6819279A,708363.71,189886.33,,0
CUST_D7A40A22,483615.62,152036.07,4.0,1
CUST_554A025F,406454.35,97626.46,,0
CUST_D51D3763,342736.0,115682.7,,0
CUST_0867EDC1,726035.72,217517.03,,0
CUST_CC4F293E,858577.2,170892.63,10.0,1
CUST_742D134A,675194.24,227654.75,,0
CUST_80B96EEF,1577118.71,526447.6,9.0,1
CUST_3B6CDC93,1521142.63,626162.74,,0
CUST_949E1CA9,1156981.98,455314.35,5.0,1
CUST_FE8A9498,1295528.1,399772.45,,0
CUST_85BF313C,1050075.43,293306.57,4.0,1
CUST_DD75073B,1169862.53,256211.23,6.0,1
CUST_731D56E0,1609195.17,557442.89,,0
CUST_F1F0CB8D,1733681.84,457485.94,,0
CUST_D31ACF2B,1057751.44,311641.24,8.0,1
CUST_651ABFC6,1468000.19,263944.07,6.0,1
CUST_C076EDD3,735440.05,191934.6,4.0,1
CUST_9D6B2CFF,1443562.05,310254.38,,0
CUST_37B5A48C,588292.44,133830.11,,0
CUST_8ABDF9D1,857593.07,355145.08,,0
CUST_D73BB49E,1663609.97,501378.14,,0
CUST_912A3332,1765218.85,514428.2,,0
CUST_C748B42A,813769.94,325435.51,9.0,1
CUST_C6476D60,1083762.76,181795.44,5.0,1
CUST_F9E806AA,1019011.9,379411.64,,0
CUST_7DDDABBC,893907.87,212081.28,6.0,1
CUST_01F20E92,1088059.88,366203.2,,0
CUST_91F0E371,1195400.89,263327.64,,0
CUST_19AFD172,1774265.73,528848.2,,0
CUST_39A2AEE2,1774359.55,310880.06,,0
CUST_ACA577E9,1741422.17,678698.34,8.0,1
CUST_9E8EB1FF,1349154.71,271141.0,,0
CUST_7F464A28,1347714.45,271858.79,,0
CUST_AA2F7144,348834.06,89699.99,,0
CUST_68DE110E,961352.55,315750.54,,0
CUST_8695F8D5,582570.07,210475.89,,0
CUST_7C46A188,1256642.93,321027.3,,0
CUST_BF2D246F,728338.46,186895.78,6.0,1
CUST_D9737F42,1275997.78,304418.47,,0
CUST_E0003AB5,1698269.4,462371.88,7.0,1
CUST_E7B1C775,1707596.13,568200.33,,0
CUST_FF8EAACC,1687540.05,407917.28,,0
CUST_61284901,1779592.34,461585.03,,0
CUST_C1CF5DDA,1122223.75,191003.8,,0
CUST_0471000B,1150298.09,409057.1,,0
CUST_2FF2253E,373262.27,123608.23,,0
CUST_5AC58B70,319539.18,126481.82,,0
CUST_3EBAFE1C,741444.86,233805.25,8.0,1
CUST_ED0A70EA,264494.16,75222.4,,0
CUST_1FB388A9,1180550.52,266690.56,9.0,1
CUST_9568E4B3,471529.17,172342.32,7.0,1
CUST_6251F97E,1569343.01,482366.32,5.0,1
CUST_19884DBC,1050869.59,347495.13,,0
CUST_F70A147A,645877.58,112345.16,,0
CUST_898EA28B,418120.9,167998.99,,0
CUST_D883DC42,1448579.02,254104.51,,0
CUST_1308BD30,673348.37,202143.27,4.0,1
CUST_949B7C5B,1696860.02,321183.76,5.0,1
CUST_C39BDCF9,922180.16,244718.34,,0
CUST_8850C95E,1019706.74,334154.28,,0
CUST_18F2FC7D,359557.03,114466.59,,0
CUST_21F01785,1164845.07,337456.74,10.0,1
CUST_1383675B,925486.19,275453.15,,0
CUST_6F3A28F8,1308004.99,286164.79,,0
CUST_8086D44D,1383990.66,265133.99,,0
CUST_B4971DCC,1606047.92,340086.63,3.0,1
CUST_8D20BACD,1326069.22,263227.54,,0
CUST_15E64C02,260376.65,59698.6,,0
CUST_8CB35E58,1339607.39,553514.06,,0
CUST_0382913A,548227.99,155047.92,9.0,1
CUST_CCFA389B,1693264.98,677562.04,,0
CUST_18756D1B,1178363.4,210726.97,,0
CUST_1659314B,1004221.71,321978.09,,0
CUST_99EB9218,986365.71,321631.58,,0
CUST_B9260CCF,1729251.47,588428.5,7.0,1
CUST_8C37496E,704975.68,217705.99,,0
CUST_5AE1949E,990953.76,396373.39,,0
CUST_2A537882,1259433.78,419602.88,,0
CUST_B40467DB,790149.22,259371.89,10.0,1
CUST_9132550E,753549.25,301037.86,,0
CUST_8AE25352,1724147.26,608946.17,7.0,1
CUST_C5633508,1654620.94,589702.65,4.0,1
CUST_17C1E0D8,330302.07,109480.55,,0
CUST_7AD23CB9,977850.5,325102.03,,0
CUST_CE55B832,302739.86,80857.4,8.0,1
CUST_C156AAD1,1227302.65,366112.08,,0
CUST_FD11E617,882292.6,288461.77,4.0,1
CUST_6527CF2A,419725.71,135685.86,,0
CUST_D8802B94,275425.56,53705.03,,0
CUST_E8D1AD88,1758736.26,480160.04,,0
CUST_E4DB9BA8,1212719.48,316736.96,,0
CUST_8D858383,583333.13,184101.34,,0
CUST_0D45B855,505944.27,194357.22,,0
CUST_92A9809E,1575479.97,349121.63,,0
CUST_64BD9D73,455625.08,98234.5,4.0,1
CUST_A89FBB14,1338863.94,295947.96,,0
CUST_295287FB,634669.93,213474.26,,0
CUST_31E71A8A,1241779.97,479760.37,,0
CUST_907F7552,494389.13,109510.9,,0
CUST_0590AA7E,1318712.52,254582.16,5.0,1
CUST_805954AD,1187621.22,389942.48,,0
CUST_7BB536D2,1076642.71,403325.46,,0
CUST_9F31D420,1488345.5,371668.97,,0
CUST_3E3FB4F9,1001921.59,198344.08,,0
CUST_3A90A6B4,1323784.51,336978.82,10.0,1
CUST_F9F5D30E,1429123.34,259108.09,,0
CUST_C2546246,773173.55,261079.19,7.0,1
CUST_FF57F6B0,600530.55,217830.17,,0
CUST_5303559A,501737.89,196269.73,,0
CUST_EFA9D265,437368.32,156947.66,,0
CUST_A2BB38AE,1755035.71,633087.28,,0
CUST_0F52423C,1126567.74,303468.24,,0
CUST_CD99D9AB,1541048.0,614308.37,,0
CUST_363A88DA,876314.64,292321.03,8.0,1
CUST_4C50D800,926761.75,204135.67,10.0,1
CUST_6E1A0BE6,420184.56,120289.24,10.0,1
CUST_EA07E196,1654065.55,371249.51,,0
CUST_B9358994,812702.28,238322.97,,0
CUST_113693B7,1270941.87,284793.34,9.0,1
CUST_A1F11BF5,440592.67,111655.91,,0
CUST_53368F7B,1106645.83,422928.34,,0
CUST_5E07D63C,1338068.81,513608.76,3.0,1
CUST_1268DF77,1032915.13,273362.01,,0
CUST_BA848340,1791943.4,407854.12,,0
CUST_F35F0AD3,843049.29,153301.91,,0
CUST_30A136DE,1493020.33,453431.8,9.0,1
CUST_C98D8AE4,1557151.59,507289.31,,0
CUST_0466F61E,1683569.78,321784.67,,0
CUST_5E6F8611,681118.35,188935.73,,0
CUST_3C27D01D,1640844.31,419875.2,,0
CUST_0A33BDD8,1501855.58,478576.78,,0
CUST_B71C0659,442681.2,113741.58,,0
CUST_C09B6E8A,473832.62,87468.17,8.0,1
CUST_B40E6AC4,1024260.2,426598.14,,0
CUST_87533163,1774341.13,522864.85,4.0,1
CUST_AE73B2FC,326630.74,66835.5,6.0,1
CUST_E6171ACE,652005.68,231168.84,4.0,1
CUST_8F069B45,1331813.97,291248.18,,0
CUST_4849BED1,621839.42,151230.68,,0
CUST_52F06083,539059.56,155844.99,,0
CUST_EA3CE830,308805.51,122534.21,,0
CUST_33EF4E3E,1142799.32,353615.15,,0
CUST_0F14A54E,952572.28,250358.55,,0
CUST_C57FBE86,1043371.38,332530.86,,0
CUST_657C184D,1586238.26,644155.94,,0
CUST_DB253A50,719304.36,130109.11,,0
CUST_6FEF5261,368313.0,64631.53,,0
CUST_363001D4,295050.02,75430.98,,0
CUST_D9060142,1279708.03,216201.72,8.0,1
CUST_9093BC1F,1587075.56,479098.95,,0
CUST_8B12DBF7,1547917.39,374210.57,,0
CUST_90980696,1302999.44,262188.93,,0
CUST_FB699BCB,1357936.16,272370.78,9.0,1
CUST_04E340E9,573872.37,238138.49,,0
CUST_1EBBAFA6,826663.15,205553.64,,0
CUST_6E1C7BD3,491111.16,84135.7,,0
CUST_7AE1619C,356500.13,148261.85,,0
CUST_607D098D,1538536.5,353885.26,4.0,1
CUST_D8FD93DB,1452608.67,514913.05,,0
CUST_E78CCD85,449694.69,123913.0,,0
CUST_F03DC404,1297948.48,230731.53,,0
CUST_4DC83379,932402.95,207700.81,,0
CUST_9CC16C39,1742720.24,548853.41,,0
CUST_2AD162C4,1322715.98,516327.66,,0
CUST_3680B2AC,790913.14,164114.93,,0
CUST_BB2AC5EF,1164320.94,260346.12,,0
CUST_186DA6A8,1341976.21,368255.57,7.0,1
CUST_5E3FA4AE,622612.56,141630.71,,0
CUST_9CB789FE,1777339.99,738434.64,4.0,1
CUST_43DF1155,1022958.78,189763.46,8.0,1
CUST_07273B05,457293.27,141867.9,,0
CUST_3F139DBF,1652290.69,378218.82,,0
CUST_DA4EF65B,1624631.56,353781.08,,0
CUST_3FE47191,1692742.0,680632.27,,0
CUST_AE4C4D57,885552.23,185784.7,3.0,1
CUST_EDE9FB84,428797.86,115358.78,,0
CUST_83462B61,1696709.95,347222.38,4.0,1
CUST_23B90EE5,1228295.8,437835.3,,0
CUST_823152D3,304305.96,52381.05,,0
CUST_EAC72E81,874272.37,330570.66,9.0,1
CUST_CB77DCA2,1219853.32,412066.97,,0
CUST_B96120C6,1760079.32,564022.17,,0
CUST_72599869,1378674.25,469198.8,,0
CUST_6C8050FE,662643.12,167559.11,,0
CUST_AE4DF014,1244265.29,309562.17,,0
CUST_CE4FFD7F,1075655.28,400703.55,,0
CUST_5C0886FD,485649.9,154548.74,,0
CUST_317E9A0A,960618.97,361370.67,,0
CUST_7B183A01,664088.14,113358.06,,0
CUST_49FD76DD,1529153.52,577797.21,,0
CUST_B186E3CC,1364482.37,557795.17,,0
CUST_727A4DD3,678592.75,235791.17,,0
CUST_E123F7AA,501724.05,117635.32,,0
CUST_8090B7FC,1772670.74,385131.76,,0
CUST_C6AF8F6A,1109764.32,188243.97,,0
CUST_7AA0538A,665128.14,137028.12,,0
CUST_E3457E2B,1324505.86,306268.71,,0
CUST_FD67FC5A,303798.06,50744.12,,0
CUST_175B2800,1720542.57,533884.0,,0
CUST_9290871B,1181415.13,308148.84,,0
CUST_AFBAC1EB,1232734.38,340007.42,,0
CUST_00145936,1585814.08,540894.25,,0
CUST_CAA5DA53,642993.89,207836.83,,0
CUST_3DEA1349,734414.95,188747.63,,0
CUST_E6EB17B7,288247.93,100630.73,6.0,1
CUST_978DEA6E,1141074.02,211594.36,,0
CUST_78ADD42E,902399.5,239581.42,,0
CUST_8DE5CCA4,1166210.25,319996.77,,0
CUST_0CE465F1,1089940.93,322943.94,,0
CUST_047F3512,1507702.93,566635.33,,0
CUST_DDA93107,1257729.48,313713.2,10.0,1
CUST_31ABD799,1320537.67,274227.18,,0
CUST_329E1051,1594637.72,460057.62,,0
CUST_D473E145,820369.61,253451.53,,0
CUST_D093BB13,910127.73,310481.92,,0
CUST_FD4D3669,1762074.1,360640.62,4.0,1
CUST_EB113BB6,1365777.76,386814.03,7.0,1
CUST_4D8B09A8,324909.49,95745.01,,0
CUST_1A1079A8,1168198.51,210429.23,4.0,1
CUST_C7D0E4A6,1200264.57,405299.5,,0
CUST_148DA6A9,1217910.39,443137.79,,0
CUST_FCCEA07A,703483.6,275894.81,8.0,1
CUST_1CE924AB,431142.27,108653.41,,0
CUST_B6ED371F,823381.72,340364.89,,0
CUST_BACD67D8,563353.76,179338.62,,0
CUST_5329F996,471429.97,98667.64,,0
CUST_0C6CAA62,655058.44,134025.98,,0
CUST_506E9862,403281.77,68331.94,,0
CUST_A9EADCD3,1090055.13,219110.23,,0
CUST_E0D2F5C7,400991.42,120094.79,,0
CUST_1AF194D0,1311909.38,233427.6,,0
CUST_03964BA8,1402503.45,240215.84,,0
CUST_81535479,264499.42,63805.02,,0
CUST_FAD7BEB8,593608.63,198544.29,9.0,1
CUST_7145F07F,999559.56,221920.01,,0
CUST_94AED036,692761.51,184523.11,,0
CUST_F1C7B835,1350067.28,296708.87,8.0,1
CUST_F064EEA3,941678.47,294478.78,4.0,1
CUST_EA1EC3F8,661801.85,258964.08,,0
CUST_58366EC9,1334811.66,240187.29,,0
CUST_D18DF37C,1304641.31,514043.51,,0
CUST_886BACC5,702111.08,258365.13,8.0,1
CUST_A44892FE,477852.74,95868.78,,0
CUST_20E993C4,1409294.24,321694.18,8.0,1
CUST_9DF2AF2F,994375.08,201785.41,,0
CUST_4BBB342C,1605467.49,423093.13,,0
CUST_D8CD9D02,580811.85,201132.05,,0
CUST_5630F6BD,1265158.92,235371.17,,0
CUST_EE0524EC,1048768.62,278134.12,,0
CUST_E14F4F17,1312335.05,278976.53,7.0,1
CUST_1717365A,505446.36,152444.25,,0
CUST_8716DF3C,873184.51,355479.89,,0
CUST_87A81D7C,912773.33,163618.17,8.0,1
CUST_B18D2405,343213.75,114307.14,,0
CUST_036BDC37,1733045.29,352934.26,,0
CUST_89B0EE8B,830609.51,154849.27,4.0,1
CUST_6FEF716D,963610.34,330756.31,,0
CUST_E5215D16,1782951.72,379420.84,,0
CUST_15AFBCF1,629004.68,207871.24,,0
CUST_90211593,253697.02,55376.17,,0
CUST_35C49456,747942.46,283181.63,,0
CUST_D6415366,334745.53,81168.53,,0
CUST_A8666724,1119415.17,410549.27,9.0,1
CUST_8D18FF07,933142.5,229667.79,,0
CUST_316EF3FB,461338.01,183754.0,,0
CUST_6E7C3742,1387099.41,408565.61,,0
CUST_5F6CA208,1731940.52,565668.81,,0
CUST_1AFDF6D8,1442198.97,534038.16,,0
CUST_C533F453,435976.52,128235.79,,0
CUST_54CA47A4,814821.91,286476.74,,0
CUST_356FFFEB,1336148.94,410660.35,,0
CUST_553C1291,556581.78,150082.46,,0
CUST_2EE6CF19,1023203.27,184029.36,,0
CUST_B42205AD,1583201.39,415158.09,,0
CUST_6A3B1C60,665144.98,174076.76,9.0,1
CUST_370760D2,849692.15,149695.54,,0
CUST_D702A044,1401521.76,339218.08,,0
CUST_5EC1C754,1048421.98,339904.74,,0
CUST_15D07F22,665540.99,151641.22,7.0,1
CUST_AC7CB2C8,1159425.45,439483.88,,0
CUST_4A4B1C1E,1069503.6,285447.03,,0
CUST_CFA1449A,555961.68,159775.87,,0
CUST_34D1FF2F,778013.58,186374.22,,0
CUST_2F9D11C0,1668073.16,608967.96,10.0,1
CUST_530BC1ED,1740687.04,498164.78,,0
CUST_BB5BDE5E,315690.88,107109.66,,0
CUST_919DD770,1613565.13,438964.03,,0
CUST_F130BF21,1287149.1,383801.35,,0
CUST_68E8AAA0,1343252.42,453822.04,,0
CUST_6C2861F8,363755.47,102685.37,,0
CUST_17B44B12,403364.41,78720.91,5.0,1
CUST_365CAF81,1490578.55,425582.15,,0
CUST_B6DB5CDF,671716.7,203816.11,,0
CUST_DBC207BF,737658.32,166688.19,,0
CUST_A235D46E,754537.97,175261.38,,0
CUST_ED329288,318596.77,127978.61,,0
CUST_DF174468,643262.37,209648.54,7.0,1
CUST_76AD1523,688072.2,165981.35,,0
CUST_0857BDA7,1573149.96,476886.43,,0
CUST_E1BDDD67,707210.27,216847.17,,0
CUST_77ADD0CC,1291744.17,247741.37,3.0,1
CUST_A0CF6B32,986765.55,210104.56,,0
CUST_C52F434C,343037.27,67058.81,,0
CUST_A98009F7,440256.88,145435.51,5.0,1
CUST_F1D72D1E,328245.78,57722.95,,0
CUST_E777CF4E,1421458.78,263415.08,,0
CUST_B156ED9D,1527672.34,345858.71,,0
CUST_A8476343,806615.85,335396.61,3.0,1
CUST_606D2D0C,1529406.88,380806.07,,0
CUST_374A86C0,786960.91,141559.48,,0
CUST_EDE5D73F,1775407.56,601302.07,,0
CUST_9934BC74,955624.51,309022.38,,0
CUST_4D2FB2FC,1236063.55,300897.28,,0
CUST_DC6A47B3,1040033.31,407726.33,,0
CUST_EE60958D,1711466.28,650897.79,7.0,1
CUST_75BF7979,1519764.29,594437.93,,0
CUST_81F741C1,1142133.69,389397.14,,0
CUST_3C66CA39,1143752.8,369248.37,,0
CUST_6ED6F099,1416390.44,339090.47,,0
CUST_64AFD09B,1008790.33,366485.06,,0
CUST_0336E012,1743711.35,358805.24,4.0,1
CUST_E952ACD0,610053.78,148402.49,9.0,1
CUST_F850620C,321282.94,127513.71,,0
CUST_E9637207,1220770.32,492203.44,,0
CUST_0BD5397E,671921.32,270595.81,,0
CUST_40EFC5B0,1611683.07,557739.82,5.0,1
CUST_A03CE4FA,1552665.88,511550.86,,0
CUST_51D795B9,974278.49,232224.39,,0
CUST_3933CB77,1539716.36,349865.81,,0
CUST_C9D8AD06,1789831.57,685256.62,,0
CUST_582FC448,607441.35,226839.12,,0
CUST_E49F8512,1180035.31,405386.71,,0
CUST_EC9170E6,1560564.34,560149.31,,0
CUST_E380D8F2,1069796.12,363804.42,,0
CUST_A61A5752,1765740.5,707710.85,6.0,1
CUST_F2C9B30F,1303659.13,253737.84,,0
CUST_8D84239D,409950.3,140577.82,8.0,1
CUST_56DE8F9C,1142733.43,280686.9,,0
CUST_A7B69550,1055201.18,424245.9,,0
CUST_2CE68D52,1349135.28,430099.52,,0
CUST_DFD926FE,672386.92,121402.4,,0
CUST_9A4E318D,874332.06,221921.98,,0
CUST_6780B8DB,1364205.69,347566.52,,0
CUST_40266C8B,625483.61,203579.39,,0
CUST_DCB592AC,475718.89,90203.97,,0
CUST_419BC107,635945.77,152426.68,3.0,1
CUST_C99E8512,946726.39,374718.35,,0
CUST_8ED8A0EB,1577272.59,437662.2,,0
CUST_B8B1862B,1358698.02,327877.72,,0
CUST_1E703195,1681490.02,597681.52,,0
CUST_EA104800,1027423.39,387366.46,,0
CUST_1EDE2B13,1644765.67,447910.16,4.0,1
CUST_22510CC6,763232.21,235956.96,,0
CUST_3C479D15,856132.05,238409.57,,0
CUST_A399AEA2,1414815.99,250560.36,,0
CUST_91AC9586,1102502.49,286490.84,,0
CUST_4B8EF9A4,436466.18,158493.41,5.0,1
CUST_859C949C,1005285.44,312473.96,,0
CUST_B3D7DCA6,592920.95,176673.54,6.0,1
CUST_364A7E89,569843.57,159170.59,,0
CUST_A5E27A15,1052232.75,342534.61,3.0,1
CUST_CA8FF126,584881.06,181619.86,,0
CUST_1C408B01,839544.36,157978.31,7.0,1
CUST_2A9A2573,748941.66,214019.31,,0
CUST_24D88DB9,250443.06,42784.46,,0
CUST_7AB89D03,321677.18,119242.73,3.0,1
CUST_B5FCC20A,645417.45,152647.7,,0
CUST_7567370F,1393326.43,386458.13,,0
CUST_919178B2,288479.47,85781.64,,0
CUST_F8A93542,1164757.85,445706.12,,0
CUST_C43419E7,1507081.62,389831.4,,0
CUST_402980CD,1318691.75,540286.72,,0
CUST_2C6EB140,657451.8,207129.12,,0
CUST_92971A2F,1154653.99,314336.11,,0
CUST_B939BB58,1649540.2,428129.01,3.0,1
CUST_82954738,1268544.35,465203.91,,0
CUST_FAA891DC,1321160.78,224417.22,,0
CUST_934F8F36,363759.33,144356.04,7.0,1
CUST_39112040,1116815.13,260441.92,8.0,1
CUST_6FE06BF9,1398090.63,537542.9,,0
CUST_0C4FE705,365961.63,61975.66,,0
CUST_CA5F5042,702249.26,240743.69,,0
CUST_D0F22408,1002401.53,262064.14,,0
CUST_4D4F19E6,1551900.04,399732.42,,0
CUST_93231C89,1449897.44,327373.96,,0
CUST_7F245A45,1078602.21,397187.98,,0
CUST_55C03D05,573377.27,219583.05,,0
CUST_B885BF55,1752075.01,627209.24,,0
CUST_3FEF847A,460351.69,101050.07,,0
CUST_2D64E6D5,725055.35,186336.04,3.0,1
CUST_7B90E0B3,1506396.41,502811.3,,0
CUST_0C57E017,1645985.12,320024.43,,0
CUST_404338B2,1553359.25,384038.16,,0
CUST_2E1C9175,319114.54,80859.67,,0
CUST_A8532913,755531.81,257489.87,,0
CUST_96F3EEB2,596640.41,116738.03,8.0,1
CUST_271F619B,439009.65,87483.14,,0
CUST_381736D2,305409.28,75589.88,,0
CUST_151FC90E,976709.4,287104.22,,0
CUST_2DEB01A2,629066.98,232353.26,,0
CUST_B2B4C8EC,881713.03,223323.58,,0
CUST_EDA41C14,703479.76,136341.16,,0
CUST_8DF40301,1621634.15,436994.53,,0
CUST_70985C02,428477.01,88725.3,,0
CUST_EAB57B9F,739174.54,286175.5,,0
CUST_3138FF51,1518853.85,411442.66,,0
CUST_BC580E97,1212389.15,334125.16,,0
CUST_4DA212C3,304110.13,90733.1,3.0,1
CUST_2588A851,1717237.52,476767.61,,0
CUST_441098C0,870272.86,202728.51,,0
CUST_0A616BF0,1173899.61,458967.07,,0
CUST_81B00AFC,1267585.55,228742.74,,0
CUST_85F5CD39,353264.79,139825.34,,0
CUST_8F62E9A2,933506.41,322951.41,,0
CUST_16778E1B,824550.14,193710.91,,0
CUST_BE5442A1,1291639.34,273558.54,,0
CUST_5F8BA0C0,868355.26,263560.21,,0
CUST_B8CD3917,428093.77,153747.21,,0
CUST_58D2B0B1,389109.4,138203.66,,0
CUST_CD16C742,705440.47,288129.28,,0
CUST_B9467FBB,1182006.68,240814.44,,0
CUST_B19A41A3,432676.49,83980.52,5.0,1
CUST_0B9C2558,337890.34,57339.88,,0
CUST_72DAA021,1456853.4,567246.72,,0
CUST_2A5B2278,1203540.8,289445.66,,0
CUST_5A09FD86,363922.7,127708.75,,0
CUST_7DE8BEBA,420670.2,143089.45,,0
CUST_77220F11,543907.63,226207.63,,0
CUST_24F15446,1376691.97,381483.2,,0
CUST_891DD7EC,917547.84,171099.64,,0
CUST_B5A2DDD2,432990.4,91538.18,,0
CUST_0F9E3D78,1735434.11,441295.28,,0
CUST_EC0FBC16,1199606.68,473346.12,,0
CUST_655C1C15,1719519.16,518352.0,,0
CUST_E954C1FD,530707.2,193328.98,,0
CUST_A0A94E6B,1402436.77,434557.62,,0
CUST_8B248A5E,705178.63,212466.5,,0
CUST_F0EF408E,1076820.01,274562.19,8.0,1
CUST_5EBE2DB5,1411297.02,472898.02,5.0,1
CUST_A0162407,1004926.49,360753.29,,0
CUST_3FE27EAC,440391.75,178319.97,,0
CUST_22E148AB,526451.2,177574.69,,0
CUST_10087E85,1674279.27,474306.65,,0
CUST_6C6FEBEC,1016392.15,340279.89,,0
CUST_1E175A8B,1114367.53,381927.95,,0
CUST_0F8CB76D,761565.69,234500.67,,0
CUST_8325096E,1071020.16,223687.24,5.0,1
CUST_EAEE739E,1201812.41,213147.48,9.0,1
CUST_EEEF13A4,1272732.24,346341.39,7.0,1
CUST_B67985A4,794374.93,263996.0,4.0,1
CUST_7A7C31A1,244652.89,79204.31,,0
CUST_A731FFA7,1759958.36,473479.61,,0
CUST_4421E257,1000638.25,283909.02,,0
CUST_AA9AE420,637184.37,107254.32,,0
CUST_CF2B94F4,877592.6,186160.53,,0
CUST_58EBF290,241055.21,79214.45,,0
CUST_5B6953CA,1783586.15,393299.65,8.0,1
CUST_9E945643,889711.72,311108.45,5.0,1
CUST_8E4289FE,1626384.32,618993.22,,0
CUST_75114711,967297.03,196083.05,,0
CUST_5CA22D03,686194.82,273912.41,,0
CUST_A319B498,1064520.78,193377.61,,0
CUST_7ED6F59F,1534596.94,544309.12,,0
CUST_3BF05C4C,1266614.36,377122.31,,0
CUST_5410B2FF,1531325.23,445559.7,,0
CUST_5EDB65F7,533604.83,165693.41,3.0,1
CUST_A5D368D3,645221.9,130529.04,,0
CUST_A9B8D349,847246.02,284867.99,,0
CUST_B6D1FE9F,629279.3,109785.44,,0
CUST_6EE7E9C7,1059540.74,232053.01,,0
CUST_6C2A9AE9,1780002.44,412595.44,,0
CUST_6270E899,263658.96,58605.53,,0
CUST_96C1FB80,792163.15,158721.1,,0
CUST_A53CA56E,265752.15,62684.11,4.0,1
CUST_1A0B9C39,1739838.82,421094.39,,0
CUST_F3C9EAFF,1705635.3,312946.62,,0
CUST_CAEDA07C,1453159.13,294937.01,,0
CUST_7AF35402,1024978.26,209044.16,,0
CUST_8A5053E1,762595.6,234848.18,,0
CUST_744ED239,580200.64,197999.48,,0
CUST_12A89C88,474807.37,133263.86,,0
CUST_26EA1198,623482.64,225603.25,7.0,1
CUST_8B1ACC4D,697638.41,219831.7,,0
CUST_0F29F8E0,653495.14,138747.23,9.0,1
CUST_F27AC6CF,1113946.36,193158.52,,0
CUST_AA35197B,1728737.47,536116.87,,0
CUST_1EF517CC,633874.52,229473.98,9.0,1
CUST_0409792C,774837.56,238457.95,,0
CUST_0C3F96B3,1335663.15,278918.41,,0
CUST_6BDF9DFE,934400.94,243520.09,6.0,1
CUST_5B9ACB81,331146.0,83953.04,,0
CUST_293358BC,1282436.51,363320.18,,0
CUST_A3C0280D,913948.21,377249.78,10.0,1
CUST_7800CA76,1116522.7,312265.82,,0
CUST_B68BBA7D,688721.34,186183.61,,0
CUST_1334502A,278069.06,87343.49,10.0,1
CUST_FE1B051E,935606.16,161884.02,,0
CUST_FF777B0E,875166.74,334416.79,,0
CUST_8D709AFF,438537.45,130733.87,,0
CUST_EA30B486,1620753.11,599475.4,,0
CUST_5CA49CE9,775742.88,153214.44,6.0,1
CUST_ADBAF203,559359.77,117234.17,,0
CUST_56F082EB,1040147.43,179506.87,,0
CUST_7074134F,630382.9,200475.35,3.0,1
CUST_3DBB1FBE,794604.17,315650.93,,0
CUST_3D7A32F6,1753082.82,666137.22,,0
CUST_3D3EAF6B,843854.65,298934.66,9.0,1
CUST_80523E8F,1116319.15,409011.47,3.0,1
CUST_53E6D5A4,1638012.03,514796.05,,0
CUST_A3D188F4,1181836.23,378085.75,,0
CUST_6F4717D3,680241.51,118484.95,,0
CUST_AD4A9747,1256311.66,396526.42,6.0,1
CUST_6720D699,707397.25,279188.88,,0
CUST_38F9811C,1467552.73,277706.18,,0
CUST_1108C729,499892.07,136911.98,,0
CUST_0C37D966,879614.04,160849.24,,0
CUST_8E10E4D3,856840.26,312890.21,,0
CUST_21C0033E,544405.92,217033.4,,0
CUST_05B8ECAF,567032.14,117480.07,,0
CUST_E7025262,1563191.93,298047.74,,0
CUST_1636BE74,1621897.53,599321.09,,0
CUST_7AD6587A,1271158.6,506417.74,,0
CUST_92F90477,1365262.92,306298.25,3.0,1
CUST_B79FE936,1005089.72,178076.79,,0
CUST_0BD32CE3,1270088.66,371782.82,,0
CUST_54D9C32F,754994.89,250091.86,5.0,1
CUST_D372C9AC,302353.64,89790.25,10.0,1
CUST_1A213EFB,1713208.26,445251.7,,0
CUST_89A5F89A,677255.11,262289.87,8.0,1
CUST_1239A885,1656743.7,432593.69,,0
CUST_B5638176,1596209.57,471944.85,,0
CUST_99E6010C,528005.8,210373.09,,0
CUST_43E396C2,429932.15,170078.85,,0
CUST_37046B54,1593857.38,313311.18,,0
CUST_C2BBBB96,1696736.1,515721.32,5.0,1
CUST_9A63ECED,287136.36,105971.57,,0
CUST_58AF951C,1256404.07,345996.81,,0
CUST_066FDCC1,688849.7,236410.09,,0
CUST_29DF4CA7,581428.46,100510.49,4.0,1
CUST_FD9B5C76,1009143.57,411643.88,8.0,1
CUST_22A7FFAB,1439327.36,549243.68,,0
CUST_19EBE6F0,545855.48,97401.12,,0
CUST_C6EC5D82,1556767.85,587146.76,,0
CUST_C72AA8FC,1447035.4,600411.48,3.0,1
CUST_87D42356,577471.69,235568.66,3.0,1
CUST_C90ABA49,1077250.1,302547.69,,0
CUST_364929B4,551723.33,140630.2,,0
CUST_73C5FCF8,1205752.84,269689.78,,0
CUST_536CA30D,1445936.34,302639.98,,0
CUST_62967AB6,1089887.8,442776.24,,0
CUST_008F580F,1654794.5,600957.99,,0
CUST_F3E39A09,1051351.69,394676.37,,0
CUST_DCBAE414,354307.0,78524.72,,0
CUST_9F7FC642,1006006.56,269294.03,5.0,1
CUST_42E3BBFC,948680.76,261069.43,,0
CUST_D50AA2B6,1086143.06,319801.4,,0
CUST_663675AD,1255708.77,510272.82,7.0,1
CUST_9EBBAAA6,291851.02,91769.88,,0
CUST_3C65FAA6,282433.11,68858.29,,0
CUST_99D31887,508139.29,95408.91,,0
CUST_33E6C842,1573551.27,574843.8,6.0,1
CUST_BE5270AC,822969.27,314604.78,,0
CUST_067FC8F5,1738598.23,613948.44,,0
CUST_D756163F,372210.45,114566.31,,0
CUST_114787B4,379990.63,81469.6,,0
CUST_CC417B14,1425523.33,526737.97,10.0,1
CUST_ACE146D8,761730.66,203745.74,10.0,1
CUST_33A7DFD6,1098002.65,424996.53,,0
CUST_07154BEF,513378.69,96124.03,,0
CUST_A8881D76,1511772.4,500836.89,,0
CUST_17BE997F,607496.68,163316.07,,0
CUST_16748A4E,1196774.2,449575.09,,0
CUST_BB4EA176,1463623.16,512752.69,,0
CUST_EBECCDFD,308589.93,103262.68,4.0,1
CUST_D297D769,1312965.5,514835.93,,0
CUST_48926E9A,865910.12,354085.94,,0
CUST_82F928EA,1403567.44,370502.12,6.0,1
CUST_EE9AD3B5,1347443.7,330693.48,,0
CUST_D67F0FBC,259980.23,73997.46,6.0,1
CUST_1BA44847,1338334.65,385121.91,,0
CUST_F8B34092,1697699.85,504770.62,9.0,1
CUST_0999D926,1016640.12,339150.81,,0
CUST_ECE49033,822524.97,156839.63,,0
CUST_9F2D4953,422999.23,163826.73,,0
CUST_76EE9A80,874533.69,316811.95,,0
CUST_6B7B5804,1549345.7,600396.39,,0
CUST_6EF60962,348057.56,124059.21,,0
CUST_B243F96F,441996.87,155481.7,,0
CUST_7D0EEF09,440718.3,182365.94,,0
CUST_6F564C8F,1721813.0,663684.89,,0
CUST_2BCDCCE4,1706459.26,430278.22,,0
CUST_230A11CB,386445.81,86611.67,,0
CUST_F1A2B335,330121.87,132000.49,,0
CUST_BE748A59,414628.09,110793.76,5.0,1
CUST_95A4FB1A,1005282.33,346054.2,,0
CUST_57A8ADA3,1235619.18,318773.44,5.0,1
CUST_54B2884E,388935.93,101523.03,6.0,1
CUST_59007CFA,1396761.29,241237.81,,0
CUST_0A455ACE,1163097.17,384122.39,,0
CUST_DD16AE68,1371254.82,380206.13,,0
CUST_6EEAD91C,408479.38,164000.77,,0
CUST_E5933A78,1344945.32,301290.38,,0
CUST_0E73FE2C,697914.06,237781.62,,0
CUST_966F1ADF,627455.73,237453.66,,0
CUST_F9C36B60,252000.45,42120.52,,0
CUST_81B03BC5,1453382.12,520693.6,3.0,1
CUST_A0CD8E50,1003760.07,417097.56,,0
CUST_38B994BB,606651.54,237998.06,,0
CUST_292EF448,1579708.05,566216.01,,0
CUST_0D205871,278784.14,92762.04,,0
CUST_8BA3E5EB,1790258.99,711153.57,,0
CUST_0750990C,1525391.29,266537.41,,0
CUST_002211EE,1496944.95,508094.55,,0
CUST_E81E9C0B,316667.48,94444.65,,0
CUST_D53052B5,1436023.35,453511.19,8.0,1
CUST_2E807613,1211720.72,215670.53,,0
CUST_09181EAF,672482.77,276701.3,9.0,1
CUST_E50A78D9,1696785.72,286709.19,5.0,1
CUST_14B949C6,1377555.65,279085.89,,0
CUST_A55B33C8,1039413.21,362344.78,3.0,1
CUST_D7239CB8,402457.21,90784.18,9.0,1
CUST_84D5718B,1256244.37,255699.23,,0
CUST_7DF7165D,1673120.71,320602.12,,0
CUST_7453D5AF,1632571.63,571629.0,10.0,1
CUST_DF6E8096,1565403.94,470875.69,6.0,1
CUST_6AAC5E58,1284960.65,430124.52,,0
CUST_A746C51A,1023428.59,208143.44,,0
CUST_CC01FCB8,1339275.78,277282.84,,0
CUST_F00FF14A,454055.66,161249.15,,0
CUST_3F69B75F,1751435.9,575931.32,,0
CUST_3B8FD09A,907283.84,268426.18,,0
CUST_A8C4A6BB,526131.01,93438.47,,0
CUST_94369EA9,491781.28,132622.26,,0
CUST_25DDE5CA,1486876.35,368425.77,,0
CUST_D51BA787,1138597.56,219822.51,4.0,1
CUST_5B0279D3,266845.83,78357.37,,0
CUST_22F7D852,1520404.22,385116.57,6.0,1
CUST_90FF2C10,1090261.12,434839.71,3.0,1
CUST_536AD691,1108697.08,224604.71,8.0,1
CUST_994D8F9C,405719.44,69215.19,,0
CUST_2E86F791,1327949.72,515270.53,8.0,1
CUST_2B26D45B,1469252.99,326295.52,,0
CUST_0BC308EB,1151365.88,220823.97,9.0,1
CUST_F1E1CD86,325287.35,60738.92,10.0,1
CUST_F5DB6741,1310869.09,228617.33,,0
CUST_A82A439F,1265404.67,322782.08,,0
CUST_736B3095,900265.7,233810.01,,0
CUST_9BCE8113,1234720.94,389729.0,,0
CUST_E4469862,1132769.31,357594.99,6.0,1
CUST_8678523B,1021629.14,379838.24,,0
CUST_68B4C463,1519193.44,392759.11,,0
CUST_201EB839,1485353.43,278128.65,3.0,1
CUST_9672D4BD,1075534.06,210166.89,,0
CUST_449A71F8,376220.43,113000.61,,0
CUST_70BC8FA5,1063252.93,235987.63,,0
CUST_D2807837,1222041.73,449576.96,,0
CUST_ED09BC72,380415.58,124828.94,,0
CUST_EB822E82,457128.21,173134.99,,0
CUST_63D0E69A,371312.86,115803.16,,0
CUST_35422938,780223.16,189313.74,,0
CUST_00EBA22B,974245.28,192125.37,,0
CUST_AE8B9BAB,1766164.0,356858.56,5.0,1
CUST_595FB71C,1542173.79,480792.82,6.0,1
CUST_C164EFFD,1150315.77,392909.58,,0
CUST_BFA4322B,1524629.05,387085.92,,0
CUST_21429EF5,341215.15,84203.91,,0
CUST_CA8573AD,1148719.67,253518.08,,0
CUST_FA971A5A,1128847.17,326000.24,,0
CUST_38E90E6C,1323485.29,506366.26,8.0,1
CUST_CF912B2C,1664801.2,522834.4,6.0,1
CUST_7106D932,1544312.96,476119.65,,0
CUST_7DB73829,839966.65,162091.94,3.0,1
CUST_3E14F335,1561340.04,478348.2,10.0,1
CUST_32FA207A,835633.35,253546.98,,0
CUST_B443DEA7,971550.4,402141.21,,0
CUST_17920804,1292864.7,403984.23,7.0,1
CUST_C632E839,1246903.05,227842.87,,0
CUST_538499BE,1099525.82,281307.25,3.0,1
CUST_0044D85B,398050.62,132288.75,,0
CUST_B592349B,1041207.69,352531.88,,0
CUST_B74E289F,1736358.94,651415.63,10.0,1
CUST_47E3985F,929866.03,359380.39,,0
CUST_C4F1DF16,1386575.88,398141.43,,0
CUST_A71C60FF,1362338.56,303404.94,,0
CUST_5640FAFE,1431049.3,391246.77,,0
CUST_4D046D11,995814.47,324144.85,,0
CUST_C470679D,1267825.28,223512.17,,0
CUST_F71F8CDD,907837.62,239850.38,3.0,1
CUST_8A03C1EE,1146934.55,395221.47,,0
CUST_8995CD38,1050642.68,265841.2,,0
CUST_C3767BCF,683033.0,192627.13,,0
CUST_B5D0CBA7,1713320.99,541723.43,,0
CUST_F152EF55,1415240.75,285183.34,,0
CUST_2FE0EA15,1339993.03,488826.2,,0
CUST_0DBF8B3A,1011962.07,245698.63,,0
CUST_5E83AD78,643986.14,237633.98,,0
CUST_F074D80C,797599.49,275704.48,7.0,1
CUST_E8054B53,1644465.96,667065.24,,0
CUST_0BC193C6,1296223.45,500205.66,,0
CUST_D579AC39,1647855.83,341978.57,6.0,1
CUST_B0B78804,1200980.58,338297.55,,0
CUST_53166648,1114991.49,360522.35,,0
CUST_CDF37DEC,899733.45,239140.03,,0
CUST_0A71FFA1,1759228.8,706412.47,,0
CUST_CE21964B,775235.42,161546.91,,0
CUST_70BE05FB,1625316.15,521021.75,,0
CUST_125BECBE,807619.87,264843.29,4.0,1
CUST_CFC4FAD5,1151561.64,270037.23,,0
CUST_D85B1B94,729305.33,264182.57,,0
CUST_ABC51AE5,682381.46,154984.54,,0
CUST_FEC6FEB7,1770539.41,594843.87,,0
CUST_E417CAF9,1427780.92,532468.0,,0
CUST_B65DE32C,705298.12,184622.8,,0
CUST_201FC9B7,1201910.74,393049.36,,0
CUST_31B514D5,940283.69,275314.58,,0
CUST_2368F5D5,1664403.57,520628.62,,0
CUST_667402CD,1417710.54,432565.89,,0
CUST_BA4D568A,901225.12,326894.63,,0
CUST_540E9002,1636654.4,299738.44,8.0,1
CUST_6C59AD7D,1664951.84,487844.86,,0
CUST_9FF95095,1192555.92,442087.25,6.0,1
CUST_EA7CBB7B,624451.3,235705.75,10.0,1
CUST_E96B9B06,1341662.58,304348.71,,0
CUST_2A3D9ED3,554401.15,152581.92,8.0,1
CUST_D053F10F,1573690.65,305157.65,,0
CUST_8D7B6C23,908653.65,281819.84,4.0,1
CUST_37947378,1130376.24,249671.0,,0
CUST_151D5388,838211.45,323966.09,,0
CUST_F429CDD7,1778009.09,626847.29,,0
CUST_5483325D,1046227.56,234511.23,,0
CUST_67FAF590,635333.38,177152.22,,0
CUST_A34EB84C,1152705.02,307206.87,,0
CUST_175A9D60,844387.95,325735.28,,0
CUST_4497388D,1027530.52,186524.43,4.0,1
CUST_A41A7CD6,601704.42,202716.88,,0
CUST_E830072E,382200.38,95650.81,,0
CUST_7BA7BE9E,1097772.95,409768.28,9.0,1
CUST_3D8477D4,1610345.38,474343.72,10.0,1
CUST_0D233AB3,886213.46,348458.25,10.0,1
CUST_D8C3427C,1514706.95,451683.63,,0
CUST_B5A1F752,844324.52,216737.23,,0
CUST_B2B7F118,1274860.48,250533.28,10.0,1
CUST_84B977A0,472741.14,88171.29,3.0,1
CUST_B7CE3633,738128.01,288785.09,,0
CUST_57F0259B,1746171.98,416095.43,,0
CUST_3121E211,936101.95,217551.32,,0
CUST_1EE6C8D9,1243902.83,384446.38,3.0,1
CUST_763DE995,1292501.74,353927.98,,0
CUST_BDF2E0DE,554138.01,181250.01,7.0,1
CUST_9F42A7B5,885244.98,230489.79,,0
CUST_241C344C,502742.77,86616.35,,0
CUST_7F02BAF1,926077.39,237086.87,10.0,1
CUST_DAB4E0D6,1674231.24,385103.33,,0
CUST_EAAE3078,781495.59,252473.25,,0
CUST_C846F724,1198715.44,345288.27,,0
CUST_7FB942F2,1755407.53,642495.89,,0
CUST_B4AFE70A,1552736.08,373506.99,,0
CUST_5F9BA57E,1319775.83,521072.19,7.0,1
CUST_6B0DAAF7,1309033.89,383529.46,,0
CUST_A006512A,519424.72,170212.66,,0
CUST_F4024F17,496780.79,105821.88,,0
CUST_ACE9FB98,879709.12,229258.89,,0
CUST_6EB170B0,1484068.02,482792.35,5.0,1
CUST_641AE441,616407.61,169159.56,5.0,1
CUST_EF3BCADB,1701603.46,457949.92,,0
CUST_AAF4E1CA,699610.92,279453.33,,0
CUST_9F70523D,1269123.15,246216.65,,0
CUST_67C0D5E5,1783357.64,372124.77,9.0,1
CUST_1F626B5F,1125660.02,464594.31,,0
CUST_FD9E5E7A,334654.21,91338.94,,0
CUST_F807277D,1258931.92,291820.18,9.0,1
CUST_47BC7266,1668564.54,304478.92,,0
CUST_97E068BD,1047758.81,228498.34,,0
CUST_F0458AA6,337752.47,103887.34,4.0,1
CUST_413DD047,408164.94,87734.92,,0
CUST_5F683F49,1173668.21,385338.03,,0
CUST_0A83A7C2,716474.1,155652.08,,0
CUST_73EA9928,631722.34,128502.95,,0
CUST_39360DDD,985781.79,399158.53,,0
CUST_3E44AF15,1043972.23,261714.64,6.0,1
CUST_9B036089,803896.99,189948.28,,0
CUST_69793D9E,922872.14,252044.27,,0
CUST_4F3A515F,856898.19,152950.08,,0
CUST_1FADA5A9,860058.62,186856.5,,0
CUST_67021588,1279844.85,381774.15,10.0,1
CUST_6F6696ED,522704.56,119731.85,,0
CUST_B531C752,909393.36,175741.91,,0
CUST_787ADC57,1301625.82,477082.64,7.0,1
CUST_8DEEDBCB,817857.48,258582.72,,0
CUST_AC0484BD,543237.03,99433.07,,0
CUST_DB931145,871590.73,307494.88,,0
CUST_F9D3A461,249636.07,48519.03,6.0,1
CUST_1EE415BE,1612210.41,480518.96,6.0,1
CUST_AA024B7C,1579073.02,615915.25,,0
CUST_7C087543,268471.27,89300.41,,0
CUST_A2728544,545856.73,135249.76,4.0,1
CUST_AA11AD3C,938782.23,196626.31,,0
CUST_3DACD8C8,884278.76,313922.78,,0
CUST_99DA565A,555074.48,199893.87,,0
CUST_4D0D1FD9,1798214.73,700473.22,,0
CUST_34AFCA59,512561.8,207095.07,,0
CUST_65AB8239,375326.93,71413.14,,0
CUST_BA038242,1501440.38,488070.79,,0
CUST_510602FD,1006391.87,205199.65,4.0,1
CUST_82DD49C2,1773325.95,360028.49,9.0,1
CUST_22C8A071,975733.09,388124.84,,0
CUST_D2E08C88,373054.08,99294.79,3.0,1
CUST_71820B1D,1080724.55,433007.41,10.0,1
CUST_E95DBA50,1552083.5,451698.14,,0
CUST_CFE477D1,1671497.01,496474.52,6.0,1
CUST_2A13CFCF,308690.38,100314.72,,0
CUST_1AA9D65D,485728.8,81003.02,,0
CUST_700862A7,1453300.95,548027.98,10.0,1
CUST_DE23E5CF,869034.64,157935.74,,0
CUST_DFBF0CA7,1630403.48,620560.32,,0
CUST_E63FABD2,362276.24,114269.83,,0
CUST_83742EDB,1636108.21,655293.93,,0
CUST_D73E84FC,459737.83,109530.62,,0
CUST_1A6CCCAF,414203.41,147119.71,,0
CUST_0BB419AE,489678.31,87320.51,8.0,1
CUST_3E1B79C7,419005.95,125963.79,,0
CUST_32D47082,802608.04,147081.89,,0
CUST_2D583BD4,1466336.91,427568.27,5.0,1
CUST_B45FD8C8,1277453.76,240745.5,,0
CUST_E6893242,1543925.83,465955.58,10.0,1
CUST_456254CD,1500673.24,371266.99,,0
CUST_8B070C00,547828.26,189419.34,,0
CUST_7BF5B581,1223163.48,291339.33,,0
CUST_325A1F52,605736.04,132036.76,,0
CUST_F201E368,585697.72,117557.85,3.0,1
CUST_1B6BC320,1288093.23,520116.26,,0
CUST_A95EDCFA,653282.74,138384.12,,0
CUST_31AEBEDB,1336852.99,536592.04,,0
CUST_0D397262,1094138.98,446214.57,,0
CUST_94C00ED5,856425.13,150285.89,,0
CUST_351929DE,1337489.78,358424.42,,0
CUST_E5C7E04D,405672.24,130954.11,8.0,1
CUST_567A1795,1570211.73,440551.94,,0
CUST_54B01B3A,1681467.31,422716.39,3.0,1
CUST_5D123B19,1062770.97,320047.32,,0
CUST_8C00FBB8,1038958.79,235340.44,5.0,1
CUST_453FB79B,1294092.52,299201.47,,0
CUST_2D1C0DDF,1297290.79,413306.73,4.0,1
CUST_F89B6507,834516.39,338729.45,6.0,1
CUST_B0B07651,952724.1,207456.15,,0
CUST_F9FE81E4,1392544.49,283402.86,9.0,1
CUST_B678E8C9,393500.55,92408.5,7.0,1
CUST_00EEAF3E,998533.58,197071.97,,0
CUST_BBA24C15,906482.94,357037.07,7.0,1
CUST_DFDB006A,578662.09,140361.22,,0
CUST_DBFAED3D,1113792.5,275921.22,,0
CUST_802CA5D0,1450038.9,402859.96,6.0,1
CUST_B03B9223,1215071.84,394924.03,9.0,1
CUST_4590C03A,1589404.22,329277.71,,0
CUST_AE0EC8CD,1479100.99,591043.82,,0
CUST_D3F86D76,1037241.5,307601.84,,0
CUST_5F453836,1345108.87,375907.3,,0
CUST_7AD05562,1570430.16,593499.11,,0
CUST_4DB23C5D,1028111.46,382146.59,6.0,1
CUST_53AF53A5,969065.73,279714.59,10.0,1
CUST_6CA9C01D,1374148.34,373777.39,,0
CUST_81CC54CF,632572.99,190821.73,,0
CUST_14FD1C7D,1753831.77,469856.47,,0
CUST_3C3E5365,1286461.26,288366.27,,0
CUST_28921E5B,1354200.82,442097.44,,0
CUST_67E5B094,1119009.02,339262.81,,0
CUST_6682308F,1512814.08,361300.53,,0
CUST_0EA2A9CC,897334.0,337173.0,,0
CUST_6228BF8F,1760815.91,677901.98,,0
CUST_097DD186,659091.72,237000.93,,0
CUST_CFE44951,524763.63,197524.42,10.0,1
CUST_F8F71049,903763.3,332921.28,,0
CUST_98045BF9,1579410.65,647256.69,,0
CUST_CB90033C,1301116.9,491442.51,,0
CUST_835BC4A7,539953.86,153606.36,,0
CUST_D4A9C6A0,581964.48,223708.78,8.0,1
CUST_1240D510,1523285.57,622527.21,,0
CUST_262E2E90,1330034.54,510642.3,9.0,1
CUST_B2EC6A3F,828942.35,263446.76,,0
CUST_AADD885F,1287048.77,220243.35,,0
CUST_E8FB6EF4,1601359.99,350984.89,,0
CUST_8695EB0F,1458584.03,356802.94,,0
CUST_AA19BCE9,1477792.68,337276.24,,0
CUST_553C88B4,1549262.42,425536.23,,0
CUST_C1B875F0,696826.28,235865.64,,0
CUST_A4532F2C,306947.26,118700.97,,0
CUST_84631839,243198.92,46267.24,,0
CUST_DCD7C8BE,1442588.73,429288.43,,0
CUST_0CEF5444,773397.6,155685.76,,0
CUST_0A941A07,700870.82,253853.06,4.0,1
CUST_D47E5E14,1510780.04,292838.72,4.0,1
CUST_BA4BC22F,801907.92,179709.35,,0
CUST_4885B89C,367698.97,88367.33,,0
CUST_2CF8C2DA,811114.85,265787.53,,0
CUST_C0C65509,1479481.27,331972.73,,0
CUST_04F1728C,1291526.09,238879.43,,0
CUST_BEDF540A,1680650.0,664836.12,7.0,1
CUST_22CAE823,1655895.69,384759.77,,0
CUST_EB6B98A4,655218.6,228935.92,4.0,1
CUST_4A6D9ABA,1281256.9,329247.86,9.0,1
CUST_A03353B1,451669.82,80018.18,3.0,1
CUST_585759FC,1301612.6,402944.73,,0
CUST_0B0AF785,969147.09,195852.09,,0
CUST_8C4E9D2E,1497088.1,537708.88,,0
CUST_ED9DC362,1281623.21,363188.13,3.0,1
CUST_7C19F879,555125.79,200997.62,8.0,1
CUST_A3C6FF82,1567829.56,405492.06,8.0,1
CUST_27A3E508,972271.11,309442.99,,0
CUST_55600B3F,1008834.58,343901.68,,0
CUST_BB5BB944,1270147.28,362679.33,8.0,1
CUST_64EFC49C,1236122.03,482562.24,,0
CUST_0664400B,323573.42,84786.82,,0
CUST_95F0DE17,1200791.11,228548.66,,0
CUST_9F2C6789,1186343.24,250206.35,,0
CUST_BBD0FDB3,766635.57,137614.03,,0
CUST_BF5A3A6F,913326.15,348938.27,4.0,1
CUST_58FAB2C2,1224462.21,342591.59,,0
CUST_B8D85C46,1074033.71,353519.59,,0
CUST_DD8744CF,571561.13,137174.43,,0
CUST_1138ABD5,538510.27,94681.64,4.0,1
CUST_BA5B7AD5,785410.47,166341.16,3.0,1
CUST_4222ED46,1625721.46,448382.88,,0
CUST_DC6739FD,414269.85,146435.74,,0
CUST_2CC6FEC3,1326044.09,490060.29,3.0,1
CUST_BF825B66,754779.86,281412.78,,0
CUST_29996C83,576100.9,112813.2,,0
CUST_C1941E80,887479.78,176408.89,,0
CUST_6780ED0F,967184.68,393052.44,6.0,1
CUST_A6FD11A9,1632294.78,491193.57,,0
CUST_3709F9BD,797288.64,293766.02,,0
CUST_2C452B3C,761450.68,276324.22,,0
CUST_E3ADE2BE,1689843.49,331095.88,4.0,1
CUST_05CF1441,1148064.38,211853.32,,0
CUST_CDDCC2A9,1642838.15,339013.97,4.0,1
CUST_895A977C,1163692.19,252224.26,4.0,1
CUST_42FEBDD1,1092619.25,327442.12,7.0,1
CUST_764DFB8E,1671028.01,609354.1,,0
CUST_8E635EDC,543035.51,182643.36,5.0,1
CUST_C0377943,459648.1,136756.59,,0
CUST_D52D172B,413263.13,137459.93,,0
CUST_23A04B53,1387738.33,263250.63,8.0,1
CUST_53CB9F51,775197.21,140460.8,,0
CUST_E8A67E7F,319507.55,129865.86,9.0,1
CUST_A6656868,1081296.85,382679.42,,0
CUST_B560D056,1601994.05,335569.3,,0
CUST_BBA36034,1509303.6,483922.37,7.0,1
CUST_8DD372BA,1445780.51,354587.66,,0
CUST_C1F66DFB,1266460.43,503680.37,,0
CUST_AA9EEB31,1369926.16,436484.23,4.0,1
CUST_101378ED,1571723.0,302279.36,,0
CUST_A7D3EC1A,577675.73,137451.42,,0
CUST_2792850E,1191122.58,322894.66,8.0,1
CUST_A3F7DDB2,1701882.94,289114.11,,0
CUST_8A764EF9,767186.23,268188.82,,0
CUST_ADF7E5B7,344879.67,76578.91,6.0,1
CUST_F6F159C6,412388.43,75693.12,,0
CUST_E8D3BE60,1042096.6,367648.81,,0
CUST_D2CC8E84,840858.35,205616.4,,0
CUST_1A4F11E6,1257440.68,409028.07,,0
CUST_880C66D4,1485533.5,475013.72,,0
CUST_3D809090,1518132.19,316769.08,,0
CUST_525679BB,599309.34,196650.09,,0
CUST_CC3BDE85,1757229.9,354198.27,,0
CUST_690A79E5,1736657.74,577735.89,,0
CUST_DE3023FE,347664.82,86722.07,,0
CUST_7147E0A7,482653.51,88890.63,,0
CUST_F2D96BD6,1794790.15,629505.34,,0
CUST_28489A49,1313142.64,371752.6,,0
CUST_6C174EF5,545887.42,102456.03,7.0,1
CUST_1F78216E,429615.96,93140.64,5.0,1
CUST_0101BF7C,908287.01,191028.37,,0
CUST_6EFC76FC,482641.34,164230.32,,0
CUST_9DF05813,807225.72,299901.21,,0
CUST_2C0F6B2C,779480.0,243982.02,,0
CUST_1BD7EC24,1579549.82,631985.59,6.0,1
CUST_6A065442,1177065.54,282497.34,,0
CUST_2A09F968,1396346.18,388386.84,,0
CUST_A6FA875B,360766.47,120432.79,,0
CUST_4498F3AD,1688030.47,556392.79,,0
CUST_9E8B5673,1634975.74,464371.16,,0
CUST_7EEC0F45,1497724.9,580840.35,3.0,1
CUST_BF7D42E6,619766.43,111799.31,3.0,1
CUST_98BEFC2B,1692069.15,678332.89,,0
CUST_B5B1D157,365795.89,101401.49,,0
CUST_64773786,1036602.77,317296.68,,0
CUST_2C0617B6,507420.2,129952.79,,0
CUST_053EF48B,1158865.83,421456.01,,0
CUST_1787A5FA,1406106.52,257775.33,,0
CUST_06472CA2,1059356.02,271303.59,,0
CUST_E0FC4DE7,358091.49,106926.29,6.0,1
CUST_49369867,352856.97,88632.1,,0
CUST_FA7D8364,240455.57,83898.53,6.0,1
CUST_DA134E23,1224144.41,213783.92,6.0,1
CUST_C99348DD,1122126.52,467526.58,,0
CUST_31F8C123,1701374.57,655621.71,3.0,1
CUST_8FEA8123,452118.41,111251.2,,0
CUST_D930404B,1747456.9,503190.6,,0
CUST_5180E4B2,613638.17,218610.06,,0
CUST_514F1CA8,777753.93,309406.4,,0
CUST_11242ACA,672727.2,173160.41,5.0,1
CUST_0B6CE566,1537827.42,338596.43,,0
CUST_EE29414E,1654112.96,525736.45,,0
CUST_68438754,1104845.28,379054.02,,0
CUST_47253906,481865.05,173172.87,,0
CUST_78FCEBB6,1044353.6,350062.1,,0
CUST_2EBEF952,1557977.95,323156.41,10.0,1
CUST_CD1713BD,744942.0,152372.62,,0
CUST_C9EF5C8F,1451543.25,285796.92,3.0,1
CUST_BA52C9C0,464208.83,112858.99,3.0,1
CUST_EBD9B221,1505531.27,486950.37,,0
CUST_0127D1FC,1406378.78,583813.68,9.0,1
CUST_8F4BB4EB,266704.41,56895.13,3.0,1
CUST_F8DB170E,948273.04,209467.49,,0
CUST_379EB25E,296558.19,54171.2,,0
CUST_DAE6BD71,1007906.25,170330.8,,0
CUST_0119F8D9,1109041.6,412437.04,4.0,1
CUST_E0160E8A,1194040.78,312959.28,,0
CUST_3B436B01,1226026.91,326586.95,7.0,1
CUST_66F67CD1,1591074.35,521627.22,,0
CUST_3F4A1357,396479.41,147415.49,3.0,1
CUST_05E6E8D0,300123.4,72400.25,,0
CUST_5E79AFEC,670470.24,167748.34,,0
CUST_CE034CE4,1682814.42,497872.47,,0
CUST_5FA219D2,1133738.04,316586.22,9.0,1
CUST_AD20175C,1770021.49,636036.34,,0
CUST_BD4988B8,1338858.2,395135.7,,0
CUST_EB313AE6,934556.48,170811.46,,0
CUST_68301985,849468.95,181058.79,,0
CUST_A2A8AB06,393768.54,153129.04,7.0,1
CUST_1C50B7CB,1037814.47,275167.92,,0
CUST_F0D6F428,728005.18,231318.97,,0
CUST_797EA069,548214.87,139265.72,9.0,1
CUST_75206E21,980258.38,325013.69,,0
CUST_2AA21A61,1175530.59,283440.25,,0
CUST_26BDD3B8,456865.01,166778.89,8.0,1
CUST_3C394402,1591636.26,335449.82,,0
CUST_38317504,1335307.45,535852.77,,0
CUST_265E8B60,489153.66,132250.48,,0
CUST_9AB50E20,665480.41,201846.06,6.0,1
CUST_0F69A9D8,727657.75,141090.33,,0
CUST_ACE7D975,1056172.22,275328.15,,0
CUST_34764104,987096.53,248815.11,3.0,1
CUST_EB832BF7,1619077.95,518014.08,,0
CUST_5CBFDB39,398360.75,165312.87,,0
CUST_862C7392,1341587.31,265049.76,,0
CUST_A0CEDF94,1305108.98,489613.18,4.0,1
CUST_09581020,1183212.18,446908.99,,0
CUST_BFEE0C39,375889.85,76473.44,,0
CUST_13B16DD4,1001352.69,211537.53,,0
CUST_BC9A9AE0,701258.57,285178.83,5.0,1
CUST_0F485148,1744479.76,620305.98,,0
CUST_0CDBA55E,1397943.39,569884.09,,0
CUST_3C4EDDEE,1159096.65,334154.74,,0
CUST_85E5D844,698412.31,240833.4,9.0,1
CUST_F7C3BDC6,1329875.06,244450.57,9.0,1
CUST_1E0D77E9,1523223.24,267904.68,,0
CUST_CB1A7077,1518153.96,430600.95,,0
CUST_DFBC13B3,842434.08,273934.77,,0
CUST_506801F5,700882.67,240175.11,,0
CUST_12478ADF,845817.91,209017.67,,0
CUST_E69003AE,743630.96,242543.48,,0
CUST_9BC0AA41,1109584.18,359887.03,,0
CUST_14544BE1,785349.02,315594.64,5.0,1
CUST_121EE3CB,1292402.05,429897.2,,0
CUST_ED80B79E,392963.27,137634.94,,0
CUST_51B3EA9F,470741.54,112529.55,,0
CUST_2C275A78,851791.92,223200.62,6.0,1
CUST_4599F916,1014831.13,224397.19,,0
CUST_353508D8,1054386.7,184656.44,,0
CUST_32783AEE,479547.43,118382.6,5.0,1
CUST_D35E19E3,898228.14,363471.1,,0
CUST_5FFFCA8E,1572605.8,440921.28,,0
CUST_D894CEDB,1056977.69,299429.31,8.0,1
CUST_1FCCE64B,1585708.48,281998.19,9.0,1
CUST_35999B6C,654921.49,203614.74,,0
CUST_4CAC35D7,1303074.92,229460.87,5.0,1
CUST_A6D056B0,588218.12,140698.48,,0
CUST_FCEB871F,1469647.38,362225.28,3.0,1
CUST_01F9C0E4,1772974.69,434346.98,,0
CUST_060EFE6A,1630888.12,665508.63,,0
CUST_81440B26,1707283.85,498919.67,,0
CUST_E936FDD1,1090911.63,375337.84,,0
CUST_E5A8CB97,486355.95,148513.49,,0
CUST_9B903FE2,256806.03,74414.94,,0
CUST_E5BEDC23,990286.02,165376.24,,0
CUST_94D943D7,546200.57,149784.33,,0
CUST_BF760CC3,1147890.79,470358.26,,0
CUST_1FE029AC,1422682.91,576465.47,,0
CUST_977A3BF0,1203051.05,236152.66,,0
CUST_F3FEDD21,1342364.52,426506.05,,0
CUST_66BF9700,248590.85,89135.99,7.0,1
CUST_AF8B960D,269710.48,48078.43,8.0,1
CUST_D0DE9A03,1226373.24,378530.93,,0
CUST_EDAC50B3,1396448.12,235950.42,3.0,1
CUST_3C52F43A,762412.99,161875.28,,0
CUST_06E0BDD0,1724512.14,654152.72,,0
CUST_ED1F4B1B,785855.34,284384.98,4.0,1
CUST_A2CFF393,758313.78,152000.43,6.0,1
CUST_043DBB5D,325670.11,97615.38,,0
CUST_71A3DFC1,701571.28,139228.6,,0
CUST_4AAA4E25,1328286.5,445666.12,,0
CUST_9AD6607C,1148772.77,202483.52,,0
CUST_DEF014EB,1576828.99,349416.74,,0
CUST_7147F4A6,1766878.75,335289.54,,0
CUST_F7FA0589,611475.28,102950.09,,0
CUST_2CD5A31B,993402.73,385283.66,,0
CUST_61B2B536,1411593.94,251039.46,10.0,1
CUST_95AD70E0,426380.0,176268.16,8.0,1
CUST_723B46B6,1220657.09,383347.57,,0
CUST_8ED5E797,1209635.47,289627.19,,0
CUST_59CBF909,1691308.21,517246.27,,0
CUST_6BE5FA21,883831.76,297594.59,,0
CUST_A1089EA9,1167463.87,282032.87,6.0,1
CUST_FCBA37FE,543509.76,106303.06,,0
CUST_E3AB386E,862439.82,260789.66,10.0,1
CUST_6D225DCB,826539.48,228136.87,5.0,1
CUST_5BA82182,390518.66,154309.26,,0
CUST_4AC9B0BA,1763842.17,346353.99,,0
CUST_42799DD6,901803.22,175368.0,,0
CUST_C7B0ACB1,712016.84,125960.27,,0
CUST_925C8D34,1793824.48,556008.35,,0
CUST_6A7CB688,1407009.68,281696.07,,0
CUST_46111958,1699426.11,561853.65,,0
CUST_8DF265EF,1092326.85,253131.29,,0
CUST_EC0F712B,565119.18,145514.87,8.0,1
CUST_8BA917D6,1360134.46,442017.66,,0
CUST_75054517,644552.13,171652.6,,0
CUST_6DD29698,1508756.57,588356.73,7.0,1
CUST_115C8361,1217653.79,309730.62,,0
CUST_934BCCBE,1257632.12,318711.54,,0
CUST_E29E32DE,1164452.67,477969.38,,0
CUST_54F9C599,289837.85,71496.94,,0
CUST_D1E07B7F,429907.23,159529.78,,0
CUST_8A6A7820,387833.57,118994.94,,0
CUST_CA286EB9,1035830.45,332566.44,,0
CUST_52607BB6,634655.01,238058.84,,0
CUST_E717A8E6,1371860.4,268749.5,,0
CUST_E0592AE5,1028452.91,173087.19,,0
CUST_F3FC3052,1392190.74,539101.15,,0
CUST_D87AE007,766869.42,250858.87,10.0,1
CUST_9CCA59B0,668448.93,169878.49,,0
CUST_333BA87A,901951.98,228727.71,,0
CUST_9D5D859B,656903.81,115645.13,,0
CUST_6BB718F1,1181295.5,314064.02,,0
CUST_E2736B33,537427.84,132409.29,,0
CUST_47621485,425147.83,117619.36,8.0,1
CUST_92A1690C,1291228.91,491800.14,5.0,1
CUST_C7B8AA6C,1203574.46,449063.44,,0
CUST_F17AF41D,856095.72,241856.25,,0
CUST_73946826,1151118.38,348214.68,,0
CUST_4CF6AEFB,1458960.35,319975.55,,0
CUST_AC34FA9E,1324331.16,242795.19,,0
CUST_925894B8,1410455.45,434209.97,,0
CUST_9A2EFDBD,559618.99,121030.03,,0
CUST_CB8015C5,240159.85,51789.56,,0
CUST_6C15EA82,255343.58,55931.87,,0
CUST_13A98AC1,767933.02,215225.32,9.0,1
CUST_758637E0,1723966.46,621754.49,,0
CUST_6839F7A7,1675919.26,675386.35,3.0,1
CUST_F14B9BCF,1109962.84,334532.07,,0
CUST_2680FE99,1678029.84,322999.08,,0
CUST_F0FE2FAE,804595.12,191099.21,,0
CUST_87D0400C,253786.7,101548.48,,0
CUST_63339A07,1259502.66,211682.61,,0
CUST_E5399819,1471745.83,281543.43,,0
CUST_322DD0BC,1114574.22,372776.59,,0
CUST_D1D3BC7E,872873.54,207987.82,,0
CUST_C2F09580,414402.11,133464.38,9.0,1
CUST_67C5CE16,1525946.89,572429.99,5.0,1
CUST_CDD06272,1473938.98,297718.97,,0
CUST_312355AF,895080.9,328047.27,,0
CUST_096CF1E8,1188305.66,452342.87,,0
CUST_62D6FC58,1454504.64,355017.68,,0
CUST_5FF64E60,1144574.11,281697.17,,0
CUST_9F711918,1283104.72,422807.97,,0
CUST_92A925CB,1129610.33,335751.09,,0
CUST_FF68D306,448036.03,102450.11,,0
CUST_1D7B7AE3,1717010.86,393489.96,,0
CUST_77F69E6A,1112452.35,212838.82,,0
CUST_1724DEE1,416830.51,128043.47,8.0,1
CUST_BD32650A,1177525.79,374313.72,,0
CUST_9D9EECAF,1222567.23,333313.72,,0
CUST_24C5A370,1613518.87,275761.55,,0
CUST_0E27E732,596885.38,221833.59,,0
CUST_E5E94A7A,552561.82,124159.89,10.0,1
CUST_E8BAA757,1553825.51,328093.26,,0
CUST_043E8D03,605375.29,225765.36,6.0,1
CUST_69FCCCFC,863478.69,341098.02,5.0,1
CUST_A129E30A,1754448.07,460463.74,8.0,1
CUST_9F8F0F13,1466802.76,610612.06,,0
CUST_F1D98933,531370.22,212937.31,,0
CUST_46C4D8B7,1420524.23,288083.88,,0
CUST_9BE96F54,1768484.36,460889.95,,0
CUST_AC4F968D,1021393.72,263717.99,,0
CUST_8ACD2F19,1269381.37,359793.13,8.0,1
CUST_D3F41F4B,483399.74,92033.12,,0
CUST_4AF1CDFD,1483902.55,541563.31,10.0,1
CUST_B7E58436,759887.04,219193.98,4.0,1
CUST_C6200916,1086489.72,191646.4,,0
CUST_FE45189F,1186982.97,473785.98,,0
CUST_6BF1C89B,1792067.28,544389.21,,0
CUST_5402EA19,1109801.26,362233.38,,0
CUST_5DC19D94,1358246.85,548483.74,,0
CUST_BF96CB93,1187247.44,484891.47,,0
CUST_B3958A21,998954.16,384033.48,,0
CUST_4E16E941,1492232.8,332910.38,,0
CUST_1568461E,333335.73,91892.38,9.0,1
CUST_AEA11D9A,1517017.73,605438.51,,0
CUST_1C43E751,667256.0,236541.33,,0
CUST_BDB3795D,1568141.53,411831.49,,0
CUST_70F02C0F,1468815.18,412133.09,,0
CUST_8B6878AA,979234.71,336556.09,,0
CUST_4C91D282,1307288.62,283301.01,,0
CUST_F449E2E8,651508.0,193841.57,,0
CUST_DB31EE00,349368.91,114343.55,10.0,1
CUST_A35051BF,1698665.64,577178.26,5.0,1
CUST_7820E4E1,549511.24,125114.25,6.0,1
CUST_5FDEA608,1722435.78,674516.45,,0
CUST_30864354,1073675.27,409755.76,,0
CUST_9FF63C86,1413500.64,289287.81,,0
CUST_E99C2D73,504158.06,94292.84,,0
CUST_8617C2ED,911386.93,188743.36,9.0,1
CUST_6B49960D,1564440.09,459118.54,,0
CUST_13275D12,1418114.24,241792.08,7.0,1
CUST_70BCD39F,977596.43,370238.2,,0
CUST_29FBF184,1523133.55,288047.44,,0
CUST_29F67410,1456765.12,454155.7,3.0,1
CUST_C5B28587,1026584.53,335150.4,,0
CUST_682A7B17,1608635.65,382098.87,3.0,1
CUST_ACA6A513,1267714.34,456757.94,,0
CUST_AFAB1562,474821.62,120961.7,,0
CUST_3E5E2233,1293825.69,248669.47,,0
CUST_1E3D1900,1638882.64,508225.75,7.0,1
CUST_4C0279A7,751399.34,249579.6,,0
CUST_0194B386,523531.85,131283.83,,0
CUST_1ED39574,592621.75,227666.07,,0
CUST_5CC0742C,342329.63,57310.37,,0
CUST_5C60BC6D,1427648.23,485243.88,,0
CUST_2EE28E74,1663375.3,545625.31,,0
CUST_20F72346,1246439.11,417593.63,,0
CUST_97E44AC8,1738839.82,298731.33,,0
CUST_72002015,301593.87,99734.23,,0
CUST_4A428497,1748031.24,449960.94,,0
CUST_B2B845D2,541956.48,99029.42,,0
CUST_34C26E4C,681691.58,148095.67,,0
CUST_65B52BD3,997355.49,250651.74,,0
CUST_816D4025,945791.81,207160.87,10.0,1
CUST_E034F9DB,1453352.56,504011.41,,0
CUST_CA063BE4,1446584.88,543303.84,,0
CUST_426EEFF6,377538.81,155416.32,,0
CUST_725C842B,348829.2,92355.71,,0
CUST_8807C536,1173526.57,448031.99,,0
CUST_C20FC042,1112749.06,215174.14,,0
CUST_4D5EE12A,292928.12,64945.1,,0
CUST_583CBBC6,1557209.37,461596.65,,0
CUST_075F4D08,710652.54,192370.48,9.0,1
CUST_4DBBBEBE,386820.53,98997.92,,0
CUST_FBAE5280,776174.63,136656.24,,0
CUST_D1981071,943376.25,307238.91,,0
CUST_4868B83F,1324947.84,375772.15,,0
CUST_1FCC37BF,1078509.0,358688.24,4.0,1
CUST_3D2AD1E6,1799731.8,512560.39,,0
CUST_23FC9827,1216934.35,284210.08,,0
CUST_E0564235,1757412.61,325754.21,5.0,1
CUST_A2D81E66,1772185.72,389914.26,,0
CUST_5A3752D8,1025706.86,207465.35,,0
CUST_B15F9757,435365.36,74305.84,,0
CUST_772FF453,1561157.29,490744.75,,0
CUST_C95A9CFD,1196861.82,264948.74,6.0,1
CUST_2AB7D528,547582.24,116328.17,,0
CUST_72B2825D,929644.73,202056.6,,0
CUST_8683D95E,1087911.71,375358.87,,0
CUST_CC697FFC,329612.5,109315.99,,0
CUST_4B2D7F87,569926.72,177421.37,,0
CUST_F601AF97,311122.28,103703.87,,0
CUST_39541A16,1516034.5,402043.72,9.0,1
CUST_80BD1661,389074.25,68258.85,,0
CUST_1D4AD630,1161256.84,304576.3,,0
CUST_62BB105D,1631610.99,650821.39,,0
CUST_2B7E58ED,753614.48,235012.78,4.0,1
CUST_72DD505A,1528371.18,570836.02,,0
CUST_30E1D753,1284417.57,489007.89,,0
CUST_06CBBA98,279570.8,73301.28,,0
CUST_4F1D370C,1140676.0,312229.59,7.0,1
CUST_2AC26556,271467.34,111451.88,8.0,1
CUST_5DCF7B4D,751686.17,185636.91,,0
CUST_892877AF,1468447.47,254132.63,7.0,1
CUST_37F7A590,394230.57,75967.57,,0
CUST_5EFCEAA3,877306.3,156339.43,10.0,1
CUST_342CEF07,1405136.98,456346.8,,0
CUST_28C39F47,1655409.29,476286.3,4.0,1
CUST_791D2CDC,751014.54,164352.45,,0
CUST_6CE55E3B,276385.34,56596.56,,0
CUST_B0E52495,1273041.88,513626.91,,0
CUST_F2F7E396,1093980.25,276259.94,,0
CUST_3E4B303D,852568.53,354918.35,,0
CUST_AFEF183D,1514785.09,596580.51,,0
CUST_CB90BD9F,1239386.02,503140.93,,0
CUST_17CD5DC1,701404.35,249849.15,,0
CUST_4103EBA0,486317.63,89419.47,,0
CUST_32565A8B,1612840.56,520288.21,,0
CUST_795AA733,308215.79,94424.98,,0
CUST_B34B08A3,1261024.79,375106.49,6.0,1
CUST_4CB46505,1355592.33,548216.43,,0
CUST_E1AEFA8E,960210.37,202542.1,,0
CUST_FEC55AB7,1796771.31,442203.93,,0
CUST_9A3FFF32,1481662.79,387177.7,,0
CUST_75F571B0,1470085.02,246804.4,,0
CUST_2F2CC4B4,846636.29,289823.19,,0
CUST_A6B57FD4,1529877.07,385791.14,,0
CUST_72C2BF71,828110.54,254475.41,,0
CUST_CAB59D2F,981451.14,202465.12,,0
CUST_428B153F,1142260.71,239471.51,,0
CUST_77982F95,312932.91,68438.3,,0
CUST_F33C2E95,1745434.2,694569.28,,0
CUST_AF706C7D,252612.2,102674.61,3.0,1
CUST_0C043DC1,737472.06,252324.73,,0
CUST_4FAE4814,998447.34,271505.87,,0
CUST_C133F2E1,1230127.84,437619.87,5.0,1
CUST_FC3400C4,1347406.92,244216.08,10.0,1
CUST_2E9C640A,775521.56,135750.84,3.0,1
CUST_CD906670,275104.38,81212.55,,0
CUST_F63DB27F,494529.38,175253.98,,0
CUST_B6BD3112,1054018.0,301707.24,9.0,1
CUST_5A28949A,378796.89,137521.65,,0
CUST_F4A34C88,758582.0,251377.22,,0
CUST_3BC5947D,1280736.32,360902.6,4.0,1
CUST_753A43C0,1639196.59,473939.83,9.0,1
CUST_DFFC5566,440859.9,183316.85,,0
CUST_B5E7DBB0,1322997.53,263396.37,7.0,1
CUST_FB7C258D,617160.45,180989.69,,0
CUST_4A6CA1B8,1770007.92,633700.88,,0
CUST_97B3FB28,1794540.57,303292.19,,0
CUST_F108CCC4,1692651.4,465994.84,,0
CUST_61D5D3D7,1752972.22,503650.14,,0
CUST_28E3F770,1711819.53,631566.44,,0
CUST_00EA6BC6,1411521.14,404060.93,,0
CUST_9FF8293B,1623942.25,360920.2,,0
CUST_C1400A45,1195403.13,241851.96,,0
CUST_C62DF70F,958938.79,227957.38,,0
CUST_23274C6A,449908.53,176791.88,,0
CUST_DBD5C69B,441146.27,129928.42,,0
CUST_66F46452,596948.7,151244.74,,0
CUST_4B2956EF,1386795.2,270881.03,,0
CUST_C5CDCF1D,1318352.62,305890.2,,0
CUST_57FCE1C6,1537397.93,547344.1,,0
CUST_BBF74EE0,1410831.15,569362.64,,0
CUST_3F89F0E3,1301388.87,346503.4,,0
CUST_BFCE6C79,1344035.91,468323.66,,0
CUST_F3DA51C1,530926.52,136145.3,,0
CUST_CCB8A59C,397179.08,146060.32,,0
CUST_152A318D,1315833.65,460718.71,7.0,1
CUST_C4735BC7,580434.0,229951.75,,0
CUST_07B7957B,290737.67,114139.42,3.0,1
CUST_F73341D2,653568.41,201035.54,,0
CUST_2F4B0DBF,996582.92,406163.45,,0
CUST_5B606148,1017404.47,178741.73,7.0,1
CUST_289E45B0,1377052.49,423566.95,3.0,1
CUST_CFF4222D,1002919.73,209213.41,,0
CUST_8B16C572,1009364.96,286004.63,,0
CUST_9ADB1760,772774.29,198959.45,,0
CUST_C868D31E,1103515.2,430098.24,,0
CUST_F8CCDF3F,682908.2,116253.42,,0
CUST_5237738B,1380296.08,512756.56,,0
CUST_2AA19066,1452548.53,312791.36,,0
CUST_06241B51,1088887.15,298995.31,,0
CUST_7790272B,339123.05,126900.89,,0
CUST_4F7F0E04,1632104.99,591894.87,,0
CUST_242AAF03,571837.32,136554.57,,0
CUST_93CB0DA8,302948.62,123589.88,,0
CUST_3E88BDA3,1009416.19,416990.68,,0
CUST_DC3F8EBD,991914.9,178303.92,,0
CUST_1A4E3BC4,625014.65,157542.47,4.0,1
CUST_3FDE5F1A,1567786.53,565297.64,7.0,1
CUST_0A4A84A5,1324053.37,248528.66,7.0,1
CUST_99A4BD9E,1639741.05,485442.6,3.0,1
CUST_990D1E3A,1751621.03,504042.35,7.0,1
CUST_F1F5EB20,772667.55,179124.83,9.0,1
CUST_4388EECE,1121210.9,187033.49,,0
CUST_3CAEAADF,1606278.34,420976.6,,0
CUST_D88AF059,1144539.92,405279.93,4.0,1
CUST_96229083,782563.55,217629.52,,0
CUST_1939B231,1387231.44,250031.78,,0
CUST_E480FA12,1435857.19,487332.21,,0
CUST_0D06D354,1221892.49,238646.84,,0
CUST_6ECB8BE7,1750787.69,424613.29,,0
CUST_0828FE3A,1549141.41,485184.71,,0
CUST_570F2DB1,1765829.86,301858.55,,0
CUST_71BE81A1,242644.37,81510.09,,0
CUST_067F1CC7,1189393.34,272825.63,,0
CUST_312E6A23,694179.49,202982.47,,0
CUST_6E074184,317005.07,107288.15,,0
CUST_86EA3281,1094769.72,385783.05,,0
CUST_383A61C4,675193.82,224738.26,,0
CUST_B49C469F,1341809.81,512274.66,,0
CUST_04E1970C,1010470.72,279860.71,,0
CUST_8923D95D,1621052.32,313042.91,,0
CUST_7B1E7070,1786538.1,515884.68,,0
CUST_A65D2247,937125.92,350888.62,,0
CUST_4820E5CF,1161601.72,381141.43,10.0,1
CUST_77967039,989601.58,301034.99,,0
CUST_9259BB41,1088963.43,307530.21,3.0,1
CUST_4576857D,835379.76,141619.06,,0
CUST_DA57301E,637756.29,184539.31,10.0,1
CUST_CAC0B6DA,1386987.71,358328.79,,0
CUST_60A51299,864720.23,247556.51,,0
CUST_ABACB564,1273137.97,502889.36,9.0,1
CUST_FFCEA796,1734589.21,562024.04,,0
CUST_06D45F5C,633625.53,254306.68,7.0,1
CUST_6205D796,778485.26,308179.82,4.0,1
CUST_6014D837,834312.88,257502.11,10.0,1
CUST_36007C0D,613601.42,155311.33,9.0,1
CUST_A1057932,1601435.71,269138.45,,0
CUST_D64F8C7C,1035215.19,224400.0,3.0,1
CUST_039D19F6,1318700.95,322147.08,3.0,1
CUST_CBEE212A,938384.45,259528.76,7.0,1
CUST_82BF4242,688635.87,164316.62,,0
CUST_64491DEE,428953.47,114522.35,7.0,1
CUST_81864B56,566232.06,227359.18,,0
CUST_6BBA1B4A,1517350.51,400290.26,,0
CUST_C69479BC,862252.44,247062.52,3.0,1
CUST_D786E3F4,1303134.75,365631.23,,0
CUST_F902B1DC,617043.08,227919.29,6.0,1
CUST_7C549209,1763491.45,437506.39,8.0,1
CUST_BAC42208,1735193.19,621061.35,10.0,1
CUST_F1ABCAB2,906680.53,187987.2,5.0,1
CUST_857EE64B,1731960.39,402888.34,7.0,1
CUST_346AA45B,1578219.63,653580.38,,0
CUST_17D3F67F,1377811.36,345531.55,,0
CUST_12C8FCA0,1442159.11,275849.62,,0
CUST_C91F8965,1482586.01,550807.28,10.0,1
CUST_9165DD96,1548764.91,420107.06,,0
CUST_7A6B4DE1,621711.5,235761.56,,0
CUST_FB7111FD,245261.42,87240.5,,0
CUST_9E5BECCE,497055.58,149196.72,6.0,1
CUST_440AEEAB,1202476.74,369638.18,,0
CUST_36BA3C15,1682541.49,368198.23,5.0,1
CUST_D1F479A6,1172372.49,405981.8,,0
CUST_EE105CB1,250543.74,66426.97,,0
CUST_C8B1EA3E,1038739.66,337356.8,10.0,1
CUST_3F7FA505,448534.8,78037.36,,0
CUST_745ACA2A,1667123.03,381874.01,,0
CUST_34199024,986400.09,361824.88,,0
CUST_E28F0CC5,478120.66,83244.73,3.0,1
CUST_85CC4F11,1233859.27,510824.9,,0
CUST_78A42B26,744112.01,282958.67,3.0,1
CUST_58185CDA,1331271.88,287916.15,7.0,1
CUST_BD3E4257,1578454.66,493561.97,,0
CUST_AFE1352C,1655239.35,617646.42,,0
CUST_6B53FB8D,1563969.36,622513.34,,0
CUST_EF19B4CB,430287.69,158113.4,5.0,1
CUST_640C2430,316447.36,53220.56,,0
CUST_EE1D9E70,1459895.39,395492.65,8.0,1
CUST_DC4829D7,1372900.57,310561.72,8.0,1
CUST_FF240F81,1106829.48,209711.33,3.0,1
CUST_ED3E9590,545232.79,138932.46,,0
CUST_7541F289,607471.03,186545.2,,0
CUST_27F2B05F,823930.59,271767.19,,0
CUST_E726C482,1501411.3,443751.4,,0
CUST_DD23A457,1191565.17,444031.33,,0
CUST_FB207537,1669704.52,661790.79,7.0,1
CUST_A0C95DEE,1460318.63,333751.95,,0
CUST_5508A267,1153309.01,292868.21,,0
CUST_3FEE36EC,941196.86,307510.98,,0
CUST_860779FA,381117.38,134968.87,9.0,1
CUST_9D7E1BC3,1088611.07,435343.91,,0
CUST_CCCADA59,1572474.0,644077.51,,0
CUST_4E21798C,1088876.12,332694.99,,0
CUST_E110B2A6,1596012.13,425274.1,,0
CUST_902644CF,646836.55,218687.54,6.0,1
CUST_10B7C75A,516998.85,128074.01,,0
CUST_62539ACE,1709937.64,629312.59,9.0,1
CUST_B90BEBCD,1103542.92,284402.02,,0
CUST_6B36EBC8,511504.94,102741.25,,0
CUST_EE98FA47,1172734.74,242654.51,,0
CUST_528EE6C7,729382.35,251882.59,,0
CUST_DF1FFA64,1683863.35,409245.26,,0
CUST_8FE5886F,1338227.78,545025.3,,0
CUST_0F589859,975430.61,247541.31,,0
CUST_6C9C1E31,1241786.97,433263.11,,0
CUST_E0932EA5,739795.31,187752.9,,0
CUST_92A59294,397056.49,96708.27,,0
CUST_0386D96C,1210974.37,488117.46,7.0,1
CUST_63110418,1609840.89,643083.1,9.0,1
CUST_C9D8E363,1649609.55,286690.96,10.0,1
CUST_FF435D21,1523257.39,258508.95,,0
CUST_BB094CAD,504816.6,194421.32,,0
CUST_08561E38,1780976.85,680195.42,,0
CUST_AB5F03E8,1329508.27,229040.41,4.0,1
CUST_856968FE,621564.02,106863.73,,0
CUST_90D9E631,1586213.22,324248.4,4.0,1
CUST_098A3C09,1438123.02,433769.68,,0
CUST_61BAFF32,1437303.61,336144.85,9.0,1
CUST_9A8322FC,1306191.57,311537.35,,0
CUST_C1A3BE13,1191958.71,219105.17,6.0,1
CUST_668260E4,1419153.47,378523.99,4.0,1
CUST_6A7DA950,358678.83,98794.42,,0
CUST_C83EA130,1342969.02,362947.43,,0
CUST_1A3C5076,485289.43,125498.65,,0
CUST_941E2114,1420368.19,589587.41,4.0,1
CUST_49CA93CA,1314932.64,383465.48,,0
CUST_BAC25BD5,792309.45,261262.25,4.0,1
CUST_15B5D89D,1045768.33,409766.59,,0
CUST_C406AA09,909072.81,239258.05,3.0,1
CUST_483B943F,1178100.66,344261.16,,0
CUST_3E7ACA6C,416364.58,138775.29,,0
CUST_04B3BE75,1020751.69,368844.95,,0
CUST_B6C6F517,656776.89,118685.21,6.0,1
CUST_CD6670A8,983905.6,331972.93,,0
CUST_BE18EC15,1721320.15,526078.23,,0
CUST_0CF6B645,1397689.89,420801.28,,0
CUST_CE494299,1504108.5,378728.83,,0
CUST_0C663F24,1481458.27,314254.31,,0
CUST_071FD95B,412051.7,94733.6,6.0,1
CUST_0128572E,287905.89,96017.78,,0
CUST_743FB4DD,1707149.43,484480.48,8.0,1
CUST_82725230,644854.51,224399.92,,0
CUST_ADCE4A43,1491137.38,451658.45,,0
CUST_316AD488,1738218.55,650168.65,,0
CUST_7A069279,1319710.2,462025.83,,0
CUST_85FE2CAD,371840.0,128302.32,3.0,1
CUST_AA465921,1745253.42,347864.35,,0
CUST_BB55ED8F,1723704.07,544722.5,,0
CUST_EB2642B2,516980.34,181636.16,,0
CUST_0BAD406D,1531199.15,467422.21,,0
CUST_7CBB3015,458017.14,92230.62,3.0,1
CUST_03A39E95,288223.04,72427.51,,0
CUST_FD03E6F0,1147618.07,251089.75,,0
CUST_31167A8F,871859.38,348691.59,,0
CUST_EA39C031,966054.16,284922.73,,0
CUST_8361ABD6,1025488.87,215269.45,10.0,1
CUST_23D5BDD0,339382.81,96638.26,6.0,1
CUST_2F4E87C7,728831.95,269791.87,10.0,1
CUST_2AA82F2F,912701.39,265542.06,10.0,1
CUST_05E41B2C,339002.22,77815.78,9.0,1
CUST_30341A00,975791.23,175102.31,7.0,1
CUST_ED7304D4,879204.12,247034.59,,0
CUST_7890AC0D,968903.28,261020.49,,0
CUST_4226B128,1160708.33,321469.59,,0
CUST_818157B5,1331813.58,461204.0,,0
CUST_C8AAD305,241726.07,62251.11,5.0,1
CUST_5EC28DEF,714942.99,146986.87,3.0,1
CUST_BFCAABFB,699288.39,172248.32,,0
CUST_6E11CF76,1138444.23,274753.95,,0
CUST_695B3A0F,1013559.08,315784.04,,0
CUST_A3728663,487491.83,113777.62,,0
CUST_5DFA9C31,504859.43,162026.23,,0
CUST_08DBD660,302535.41,74425.18,,0
CUST_2508161B,1174493.41,199064.89,,0
CUST_1416BA95,923797.2,167199.64,10.0,1
CUST_D5F8540E,1793100.82,578970.05,3.0,1
CUST_56B4BFC4,1253200.09,274380.04,,0
CUST_D29893AB,991931.25,388922.21,5.0,1
CUST_270556D1,1028183.95,237501.34,,0
CUST_F249ACD9,308769.83,87169.92,7.0,1
CUST_2A625292,1759598.34,718466.54,,0
CUST_7479B3E3,617421.79,168928.33,,0
CUST_7B9313E6,415485.87,70008.84,9.0,1
CUST_03DF493E,656195.77,189337.47,,0
CUST_4404B253,1725247.98,332798.02,,0
CUST_87BABADD,683950.64,151485.99,,0
CUST_8C96A1BF,1184161.06,396196.08,,0
CUST_998D5EC3,1349318.53,481340.49,5.0,1
CUST_079BDEEB,1053051.74,231114.99,,0
CUST_D6A88CB8,1403548.68,531728.16,,0
CUST_AE84FD3C,1046826.3,224412.02,,0
CUST_C0F3B5A3,1351608.02,451731.66,,0
CUST_A9D657C4,867697.11,211512.56,,0
CUST_6ED19CDB,443232.66,110286.9,,0
CUST_B5BF3A88,579976.65,130816.05,9.0,1
CUST_C42416F0,288618.31,74068.96,,0
CUST_706224FB,1507037.74,293754.64,,0
CUST_D873B5BB,1465472.12,586441.81,,0
CUST_30D8A9B5,372827.04,131165.18,,0
CUST_8C36B23E,523394.06,149866.99,3.0,1
CUST_C885C79D,1505390.51,449662.24,,0
CUST_05E2A00B,1474700.64,386593.35,8.0,1
CUST_4651F134,1136892.61,334778.8,4.0,1
CUST_AB72A1B5,461118.28,163066.53,,0
CUST_2D6429C9,451634.47,111809.22,,0
CUST_16488AC5,1762145.71,629411.86,8.0,1
CUST_91BD7A09,895935.32,275578.62,,0
CUST_F66F9D0C,1740308.01,629463.09,,0
CUST_5A83DB8F,1684226.42,491732.39,,0
CUST_2F27868B,849655.06,222561.81,4.0,1
CUST_0C97D9AE,473705.07,87309.47,,0
CUST_1DF7829E,443599.07,110723.82,,0
CUST_F182083E,1207172.03,206938.02,,0
CUST_9E941A81,1686812.96,438330.02,,0
CUST_3696BA78,881561.54,241855.31,8.0,1
CUST_AD6EC89C,1031706.14,334346.13,,0
CUST_2A662A18,1652171.57,582916.32,3.0,1
CUST_AA2DED35,1154820.75,260965.64,,0
CUST_C15945F1,393006.04,131519.08,10.0,1
CUST_C4009564,1158144.77,401530.65,,0
CUST_6E4B9D61,508783.26,109786.92,,0
CUST_748D8A44,1522544.6,476380.99,,0
CUST_6BFCDEE7,1306572.6,394453.57,,0
CUST_EFF437B9,1680383.81,533010.99,,0
CUST_EBB9EBBF,770531.39,267105.01,,0
CUST_FFB333B2,1288401.25,295555.13,,0
CUST_4B21AC7F,402206.59,124788.4,5.0,1
CUST_FBC88DC3,882852.2,358956.87,,0
CUST_B325393D,720730.54,131885.24,,0
CUST_31222D8D,251531.39,79380.83,,0
CUST_80D75BB3,773337.07,159944.74,,0
CUST_3088CEBC,1669255.6,637506.75,,0
CUST_E956CC57,1646047.71,684219.38,10.0,1
CUST_E7E30D05,256579.67,71344.36,9.0,1
CUST_F650389C,698364.07,140542.15,,0
CUST_11BC62BD,1510834.71,315527.31,,0
CUST_4A58EBC2,392512.97,160240.3,,0
CUST_CF6FD6DD,353638.73,89851.56,,0
CUST_80D2A215,887002.36,209382.97,,0
CUST_5E189E74,585882.79,148088.18,,0
CUST_16147EC0,404014.52,76079.03,,0
CUST_4A9486CA,1429179.46,316935.56,,0
CUST_15E370C7,668375.12,226008.19,4.0,1
CUST_199886EB,1025004.76,264221.28,,0
CUST_A50E5F27,1671705.94,649056.26,,0
CUST_5EE6241D,496073.69,170342.66,7.0,1
CUST_83786135,1300533.51,371024.42,,0
CUST_EB853C89,675182.44,208693.03,,0
CUST_6975DE80,607557.34,201071.58,5.0,1
CUST_DC45A28B,1238519.36,441313.14,,0
CUST_2222ACC4,465470.24,174095.62,,0
CUST_A82F1B71,884047.59,235280.21,,0
CUST_4A7446CF,483440.59,179973.9,,0
CUST_6FED91F1,771360.76,254535.19,3.0,1
CUST_17F4A37A,1559279.77,261063.93,4.0,1
CUST_E9B4417E,1695992.38,629910.74,4.0,1
CUST_6AFB3469,1578471.07,652955.93,3.0,1
CUST_3EC7802A,426112.03,160983.42,,0
CUST_ADAED610,1405082.78,249580.61,,0
CUST_062802DA,1437218.71,260442.74,10.0,1
CUST_4E030416,1440049.17,396554.66,,0
CUST_2FB702FE,1213349.93,479190.72,,0
CUST_2241FF74,1276920.17,401573.28,,0
CUST_92893798,1683982.19,498971.3,,0
CUST_8990AE66,1744348.7,342876.82,,0
CUST_B6A969A8,367602.63,81130.94,,0
CUST_EE6913E8,1375898.8,364200.76,5.0,1
CUST_A35B4547,677830.55,159927.08,,0
CUST_CAA50F5D,1398755.3,536615.21,,0
CUST_5FF3CEBB,1075587.6,387015.63,9.0,1
CUST_E0C8A38A,831502.42,325316.96,,0
CUST_EA1F0663,1583508.5,268733.5,,0
CUST_01529254,1324774.46,517964.18,,0
CUST_30C8D0E7,1789431.18,676913.11,,0
CUST_20A95C0C,1400033.08,277249.4,,0
CUST_A05EBD0F,1583416.74,521931.88,,0
CUST_D2FE512C,1073940.9,348759.47,,0
CUST_9F89EAA8,558412.54,226381.29,,0
CUST_EA76AD62,1498585.47,496098.89,,0
CUST_5A698721,1659466.45,436512.4,,0
CUST_86771F33,1675432.79,331740.77,,0
CUST_6810F252,1026023.51,297108.8,10.0,1
CUST_9FAE642D,1365871.89,342833.32,,0
CUST_7D2B6C26,1113710.2,431206.52,,0
CUST_F8C1B428,1358475.46,526497.68,9.0,1
CUST_84F630C5,1311299.0,248115.28,,0
CUST_A5C54FB8,872245.84,265149.55,7.0,1
CUST_510EF163,999955.76,241821.71,,0
CUST_372B344B,1301586.12,518871.09,,0
CUST_79D67B3E,1508093.36,399127.6,,0
CUST_9BF4F5F2,1542924.15,410761.34,4.0,1
CUST_89C1D217,598388.59,195205.92,,0
CUST_522C55CA,265240.77,86610.76,,0
CUST_C77C1B34,666702.49,185862.48,,0
CUST_9886FBF7,621897.82,228186.68,,0
CUST_CB90410B,447621.22,171679.72,,0
CUST_7BBBADF4,1319496.98,545096.54,,0
CUST_2EF874C6,1328524.14,288213.96,,0
CUST_32750C46,821415.17,300862.27,,0
CUST_D9326D6C,1743082.52,445720.18,,0
CUST_DD509F83,742120.37,215643.39,,0
CUST_465DF7CD,1764917.46,473581.81,,0
CUST_DA2C5DF9,323674.65,56700.92,,0
CUST_78A58EA5,799662.43,273993.24,,0
CUST_B8ADCB46,748814.85,219418.32,,0
CUST_7E117731,1228839.46,251319.34,,0
CUST_2AAD14CA,532317.57,171942.27,,0
CUST_5223A2B0,351747.72,112609.2,,0
CUST_FA2A8BB1,830988.7,227178.08,,0
CUST_AE865C3D,423806.17,107569.04,,0
CUST_773BC82F,681413.15,160048.65,,0
CUST_D7638FE2,764945.88,283499.1,,0
CUST_86DAA4E5,1779126.12,587328.59,,0
CUST_47D2870B,683979.77,178584.87,,0
CUST_620E8391,1201679.09,363986.94,,0
CUST_10066194,550216.02,103078.74,,0
CUST_76BA3535,1680162.84,619626.8,,0
CUST_4FFF4BAF,1034487.45,383549.82,4.0,1
CUST_9581E4D0,1146041.0,315020.51,3.0,1
CUST_B239946C,1256972.67,466059.11,,0
CUST_97DC986B,1005103.57,395795.07,6.0,1
CUST_F8E08DB7,427890.01,165209.96,,0
CUST_E25A5AFE,1099807.27,185333.61,,0
CUST_788B97FD,1371456.12,382113.99,,0
CUST_78AD5F7A,1791453.64,427353.05,6.0,1
CUST_35B84578,594964.29,239415.9,,0
CUST_B7EACCB8,1372759.23,292278.29,,0
CUST_DD87BC74,1784727.74,601110.54,,0
CUST_DBBA4FD5,998957.48,255853.61,,0
CUST_3CF860CF,279043.88,106172.4,,0
CUST_1A79F923,409802.44,152234.23,6.0,1
CUST_E15B299C,960935.74,174866.7,,0
CUST_5F1A1579,1700764.72,505268.64,3.0,1
CUST_B2ACFD5E,334089.3,74785.9,,0
CUST_FF645C29,1726110.4,363757.92,,0
CUST_9D45426E,952320.47,176656.92,,0
CUST_3965DA30,1326852.46,387673.39,,0
CUST_0DB22525,1089189.31,294631.46,6.0,1
CUST_D861D723,463604.01,87134.61,,0
